{
    "version": "0.4",
    "title": "About Us",
    "type": "page",
    "metadata": {
        "template_type": "single-page",
        "include_in_zip": "1",
        "elementor_pro_required": null,
        "wp_page_template": "elementor_header_footer"
    },
    "content": [
        {
            "id": "79c3e1e0",
            "settings": {
                "content_width": {
                    "unit": "px",
                    "size": 800,
                    "sizes": []
                },
                "background_background": "classic",
                "background_slideshow_ken_burns": "yes",
                "background_overlay_background": "classic",
                "background_overlay_color": "#000000",
                "padding": {
                    "unit": "em",
                    "top": "7",
                    "right": "1",
                    "bottom": "7",
                    "left": "1",
                    "isLinked": false
                },
                "padding_mobile": {
                    "unit": "em",
                    "top": "7",
                    "right": "1",
                    "bottom": "7",
                    "left": "1",
                    "isLinked": false
                },
                "background_image": {
                    "id": 40,
                    "url": "http:\/\/templatekit.krakenbox.net\/blankink\/wp-content\/uploads\/sites\/4\/2020\/10\/s4.jpg"
                },
                "background_position": "center center",
                "background_size": "cover",
                "__globals__": {
                    "background_color": "globals\/colors?id=d3dee9f"
                }
            },
            "elements": [
                {
                    "id": "57197205",
                    "settings": {
                        "_column_size": 100,
                        "_inline_size": null,
                        "padding": {
                            "unit": "em",
                            "top": "1",
                            "right": "1",
                            "bottom": "1",
                            "left": "1",
                            "isLinked": true
                        }
                    },
                    "elements": [
                        {
                            "id": "25ee2ae8",
                            "settings": {
                                "title": "our studio",
                                "header_size": "h4",
                                "align": "center",
                                "typography_typography": "custom",
                                "typography_font_family": "Oswald",
                                "typography_font_size": {
                                    "unit": "px",
                                    "size": 20,
                                    "sizes": []
                                },
                                "typography_font_size_mobile": {
                                    "unit": "px",
                                    "size": 18,
                                    "sizes": []
                                },
                                "typography_text_transform": "uppercase",
                                "__globals__": {
                                    "title_color": "globals\/colors?id=8c71d72"
                                }
                            },
                            "elements": [],
                            "isInner": false,
                            "widgetType": "heading",
                            "elType": "widget"
                        },
                        {
                            "id": "9a24761",
                            "settings": {
                                "title": "About Us",
                                "align": "center",
                                "typography_font_family": "UnifrakturMaguntia",
                                "typography_font_size": {
                                    "unit": "px",
                                    "size": 80,
                                    "sizes": []
                                },
                                "typography_font_size_tablet": {
                                    "unit": "px",
                                    "size": 60,
                                    "sizes": []
                                },
                                "typography_font_size_mobile": {
                                    "unit": "px",
                                    "size": 42,
                                    "sizes": []
                                },
                                "header_size": "h1",
                                "__globals__": {
                                    "title_color": "globals\/colors?id=8165548"
                                }
                            },
                            "elements": [],
                            "isInner": false,
                            "widgetType": "heading",
                            "elType": "widget"
                        },
                        {
                            "id": "5c3f728e",
                            "settings": {
                                "align": "center",
                                "typography_font_family": "Barlow",
                                "typography_font_size": {
                                    "unit": "px",
                                    "size": 18,
                                    "sizes": []
                                },
                                "typography_font_size_mobile": {
                                    "unit": "px",
                                    "size": 16,
                                    "sizes": []
                                },
                                "__globals__": {
                                    "text_color": "globals\/colors?id=8165548"
                                }
                            },
                            "elements": [],
                            "isInner": false,
                            "widgetType": "text-editor",
                            "elType": "widget"
                        }
                    ],
                    "isInner": false,
                    "elType": "column"
                }
            ],
            "isInner": false,
            "elType": "section"
        },
        {
            "id": "3d9f49c7",
            "settings": {
                "padding": {
                    "unit": "em",
                    "top": "7",
                    "right": "1",
                    "bottom": "7",
                    "left": "1",
                    "isLinked": false
                }
            },
            "elements": [
                {
                    "id": "572b2469",
                    "settings": {
                        "_column_size": 100,
                        "_inline_size": null
                    },
                    "elements": [
                        {
                            "id": "3c4de271",
                            "settings": {
                                "title": "est 1990",
                                "header_size": "h3",
                                "align": "center",
                                "title_color": "#AE8969",
                                "typography_font_family": "Oswald",
                                "typography_font_size": {
                                    "unit": "rem",
                                    "size": 1.600000000000000088817841970012523233890533447265625,
                                    "sizes": []
                                },
                                "typography_font_size_mobile": {
                                    "unit": "px",
                                    "size": 16,
                                    "sizes": []
                                },
                                "typography_text_transform": "capitalize",
                                "typography_font_size_tablet": {
                                    "unit": "rem",
                                    "size": "",
                                    "sizes": []
                                },
                                "typography_font_weight": "600",
                                "typography_line_height": {
                                    "unit": "em",
                                    "size": 1.5,
                                    "sizes": []
                                },
                                "typography_letter_spacing": {
                                    "unit": "px",
                                    "size": 1,
                                    "sizes": []
                                },
                                "__globals__": {
                                    "title_color": "globals\/colors?id=8c71d72",
                                    "typography_typography": ""
                                }
                            },
                            "elements": [],
                            "isInner": false,
                            "widgetType": "heading",
                            "elType": "widget"
                        },
                        {
                            "id": "6aae85d1",
                            "settings": {
                                "title": "We are Best Tattoo Studio in Town",
                                "align": "center",
                                "typography_font_family": "UnifrakturMaguntia",
                                "typography_font_size": {
                                    "unit": "rem",
                                    "size": 2.79999999999999982236431605997495353221893310546875,
                                    "sizes": []
                                },
                                "typography_font_size_mobile": {
                                    "unit": "px",
                                    "size": 32,
                                    "sizes": []
                                },
                                "typography_font_size_tablet": {
                                    "unit": "rem",
                                    "size": "",
                                    "sizes": []
                                },
                                "typography_font_weight": "500",
                                "typography_text_transform": "capitalize",
                                "typography_line_height": {
                                    "unit": "em",
                                    "size": 1.5,
                                    "sizes": []
                                },
                                "typography_letter_spacing": {
                                    "unit": "px",
                                    "size": 1,
                                    "sizes": []
                                },
                                "__globals__": {
                                    "typography_typography": "",
                                    "title_color": "globals\/colors?id=ca2f424"
                                }
                            },
                            "elements": [],
                            "isInner": false,
                            "widgetType": "heading",
                            "elType": "widget"
                        },
                        {
                            "id": "503b6cac",
                            "settings": {
                                "structure": "20"
                            },
                            "elements": [
                                {
                                    "id": "789fc618",
                                    "settings": {
                                        "_column_size": 50,
                                        "_inline_size": null,
                                        "_inline_size_tablet": 100,
                                        "padding": {
                                            "unit": "em",
                                            "top": "1",
                                            "right": "1",
                                            "bottom": "1",
                                            "left": "1",
                                            "isLinked": true
                                        },
                                        "padding_tablet": {
                                            "unit": "em",
                                            "top": "1",
                                            "right": "1",
                                            "bottom": "20",
                                            "left": "1",
                                            "isLinked": false
                                        },
                                        "padding_mobile": {
                                            "unit": "em",
                                            "top": "1",
                                            "right": "1",
                                            "bottom": "10",
                                            "left": "1",
                                            "isLinked": false
                                        }
                                    },
                                    "elements": [
                                        {
                                            "id": "40e517a",
                                            "settings": {
                                                "image": {
                                                    "id": 44,
                                                    "url": "http:\/\/templatekit.krakenbox.net\/blankink\/wp-content\/uploads\/sites\/4\/2020\/10\/s7.jpg"
                                                },
                                                "image_size": "custom",
                                                "image_custom_dimension": {
                                                    "width": "600",
                                                    "height": "700"
                                                },
                                                "css_filters_css_filter": "custom",
                                                "css_filters_brightness": {
                                                    "unit": "px",
                                                    "size": 70,
                                                    "sizes": []
                                                },
                                                "css_filters_contrast": {
                                                    "unit": "px",
                                                    "size": 105,
                                                    "sizes": []
                                                },
                                                "css_filters_saturate": {
                                                    "unit": "px",
                                                    "size": 35,
                                                    "sizes": []
                                                }
                                            },
                                            "elements": [],
                                            "isInner": false,
                                            "widgetType": "image",
                                            "elType": "widget"
                                        },
                                        {
                                            "id": "45b3ba29",
                                            "settings": {
                                                "youtube_url": "https:\/\/www.youtube.com\/watch?v=XHOmBV4js_E",
                                                "vimeo_url": "",
                                                "dailymotion_url": "",
                                                "show_image_overlay": "yes",
                                                "image_overlay": {
                                                    "id": 39,
                                                    "url": "http:\/\/templatekit.krakenbox.net\/blankink\/wp-content\/uploads\/sites\/4\/2020\/10\/s3.jpg"
                                                },
                                                "lightbox": "yes",
                                                "css_filters_saturate": {
                                                    "unit": "px",
                                                    "size": 35,
                                                    "sizes": []
                                                },
                                                "play_icon_color": "#AE8959",
                                                "play_icon_text_shadow_text_shadow": {
                                                    "horizontal": 0,
                                                    "vertical": 0,
                                                    "blur": 14,
                                                    "color": "rgba(0,0,0,0.3)"
                                                },
                                                "_box_shadow_box_shadow_type": "yes",
                                                "_box_shadow_box_shadow": {
                                                    "horizontal": 0,
                                                    "vertical": 0,
                                                    "blur": 50,
                                                    "spread": 0,
                                                    "color": "rgba(0,0,0,0.5)"
                                                },
                                                "_position": "absolute",
                                                "_offset_x": {
                                                    "size": -217,
                                                    "unit": "px"
                                                },
                                                "_offset_x_tablet": {
                                                    "size": 0,
                                                    "unit": "px"
                                                },
                                                "_offset_x_mobile": {
                                                    "size": -14,
                                                    "unit": "px"
                                                },
                                                "_offset_y": {
                                                    "size": 197,
                                                    "unit": "px"
                                                },
                                                "_offset_y_tablet": {
                                                    "size": 541,
                                                    "unit": "px"
                                                },
                                                "_offset_y_mobile": {
                                                    "size": 237,
                                                    "unit": "px"
                                                }
                                            },
                                            "elements": [],
                                            "isInner": false,
                                            "widgetType": "video",
                                            "elType": "widget"
                                        }
                                    ],
                                    "isInner": true,
                                    "elType": "column"
                                },
                                {
                                    "id": "50e8ffc0",
                                    "settings": {
                                        "_column_size": 50,
                                        "_inline_size": null,
                                        "_inline_size_tablet": 100,
                                        "padding": {
                                            "unit": "em",
                                            "top": "1",
                                            "right": "1",
                                            "bottom": "1",
                                            "left": "1",
                                            "isLinked": true
                                        }
                                    },
                                    "elements": [
                                        {
                                            "id": "640f8395",
                                            "settings": {
                                                "align": "left",
                                                "typography_font_family": "Barlow",
                                                "typography_font_size": {
                                                    "unit": "px",
                                                    "size": 16,
                                                    "sizes": []
                                                },
                                                "typography_font_size_mobile": {
                                                    "unit": "px",
                                                    "size": 16,
                                                    "sizes": []
                                                },
                                                "editor": "<p>Lorem ipsum dolor sit amet, consectetur adipiscing elit, sed do eiusmod tempor incididunt ut labore et dolore magna aliqua. Orci sagittis eu volutpat odio. A condimentum vitae sapien pellentesque habitant. In nulla posuere sollicitudin aliquam ultrices sagittis orci a. Ipsum consequat nisl vel pretium lectus quam id leo in. Facilisis mauris sit amet massa. Fusce ut placerat orci nulla pellentesque dignissim enim. Justo laoreet sit amet cursus sit. Fermentum leo vel orci porta non pulvinar neque laoreet.<\/p><p>Risus commodo viverra maecenas accumsan lacus vel facilisis. Feugiat in fermentum posuere urna nec tincidunt. Lectus urna duis convallis convallis tellus id. Iaculis urna id volutpat lacus laoreet non. Malesuada bibendum arcu vitae elementum.<\/p>",
                                                "__globals__": {
                                                    "text_color": "globals\/colors?id=7d4eab6"
                                                }
                                            },
                                            "elements": [],
                                            "isInner": false,
                                            "widgetType": "text-editor",
                                            "elType": "widget"
                                        },
                                        {
                                            "id": "325879c2",
                                            "settings": {
                                                "align": "left",
                                                "editor": "<blockquote><p>Lorem ipsum dolor sit amet, consectetur adipiscing elit, sed do eiusmod tempor incididunt ut labore et dolore magna aliqua. Ut enim ad minim veniam, quis nostrud exercitation ullamco laboris nisi ut aliquip ex ea commodo consequat.<\/p><\/blockquote>",
                                                "_border_border": "solid",
                                                "_border_width": {
                                                    "unit": "px",
                                                    "top": "0",
                                                    "right": "0",
                                                    "bottom": "0",
                                                    "left": "2",
                                                    "isLinked": false
                                                },
                                                "_border_color": "#AE8959",
                                                "__globals__": {
                                                    "typography_typography": "globals\/typography?id=07a4777",
                                                    "text_color": "globals\/colors?id=ca2f424"
                                                }
                                            },
                                            "elements": [],
                                            "isInner": false,
                                            "widgetType": "text-editor",
                                            "elType": "widget"
                                        },
                                        {
                                            "id": "1c21a3c5",
                                            "settings": {
                                                "title": "Martinez",
                                                "align": "left",
                                                "title_color": "#0F0F0F",
                                                "typography_typography": "custom",
                                                "typography_font_family": "Herr Von Muellerhoff",
                                                "typography_font_size": {
                                                    "unit": "px",
                                                    "size": 80,
                                                    "sizes": []
                                                },
                                                "typography_font_size_mobile": {
                                                    "unit": "px",
                                                    "size": 56,
                                                    "sizes": []
                                                }
                                            },
                                            "elements": [],
                                            "isInner": false,
                                            "widgetType": "heading",
                                            "elType": "widget"
                                        }
                                    ],
                                    "isInner": true,
                                    "elType": "column"
                                }
                            ],
                            "isInner": true,
                            "elType": "section"
                        }
                    ],
                    "isInner": false,
                    "elType": "column"
                }
            ],
            "isInner": false,
            "elType": "section"
        },
        {
            "id": "3d683fc0",
            "settings": [],
            "elements": [
                {
                    "id": "69f9fc1a",
                    "settings": {
                        "_column_size": 100,
                        "_inline_size": null,
                        "background_background": "classic",
                        "__globals__": {
                            "background_color": "globals\/colors?id=d3dee9f"
                        }
                    },
                    "elements": [
                        {
                            "id": "472bda1f",
                            "settings": {
                                "structure": "40"
                            },
                            "elements": [
                                {
                                    "id": "3e0538f5",
                                    "settings": {
                                        "_column_size": 25,
                                        "_inline_size": null,
                                        "_inline_size_tablet": 50,
                                        "padding": {
                                            "unit": "em",
                                            "top": "1",
                                            "right": "1",
                                            "bottom": "1",
                                            "left": "1",
                                            "isLinked": true
                                        }
                                    },
                                    "elements": [
                                        {
                                            "id": "32d42f2b",
                                            "settings": {
                                                "ending_number": 257,
                                                "suffix": "k",
                                                "thousand_separator_char": ".",
                                                "title": "Satisfy Customers",
                                                "number_color": "#AE8959",
                                                "typography_title_font_family": "Barlow",
                                                "__globals__": {
                                                    "number_color": "globals\/colors?id=8c71d72",
                                                    "typography_number_typography": "globals\/typography?id=6839c7a",
                                                    "title_color": "globals\/colors?id=4c4b4e8"
                                                }
                                            },
                                            "elements": [],
                                            "isInner": false,
                                            "widgetType": "counter",
                                            "elType": "widget"
                                        }
                                    ],
                                    "isInner": true,
                                    "elType": "column"
                                },
                                {
                                    "id": "3f17f40f",
                                    "settings": {
                                        "_column_size": 25,
                                        "_inline_size": null,
                                        "_inline_size_tablet": 50,
                                        "padding": {
                                            "unit": "em",
                                            "top": "1",
                                            "right": "1",
                                            "bottom": "1",
                                            "left": "1",
                                            "isLinked": true
                                        }
                                    },
                                    "elements": [
                                        {
                                            "id": "7c0238df",
                                            "settings": {
                                                "ending_number": 20,
                                                "suffix": "+",
                                                "thousand_separator_char": ".",
                                                "title": "Year of Experience",
                                                "number_color": "#AE8959",
                                                "typography_title_font_family": "Barlow",
                                                "__globals__": {
                                                    "number_color": "globals\/colors?id=8c71d72",
                                                    "typography_number_typography": "globals\/typography?id=6839c7a",
                                                    "title_color": "globals\/colors?id=4c4b4e8"
                                                }
                                            },
                                            "elements": [],
                                            "isInner": false,
                                            "widgetType": "counter",
                                            "elType": "widget"
                                        }
                                    ],
                                    "isInner": true,
                                    "elType": "column"
                                },
                                {
                                    "id": "48dfff66",
                                    "settings": {
                                        "_column_size": 25,
                                        "_inline_size": null,
                                        "_inline_size_tablet": 50,
                                        "padding": {
                                            "unit": "em",
                                            "top": "1",
                                            "right": "1",
                                            "bottom": "1",
                                            "left": "1",
                                            "isLinked": true
                                        }
                                    },
                                    "elements": [
                                        {
                                            "id": "397aaf7b",
                                            "settings": {
                                                "ending_number": 12,
                                                "suffix": "+",
                                                "thousand_separator_char": ".",
                                                "title": "Awesome Artist",
                                                "number_color": "#AE8959",
                                                "typography_title_font_family": "Barlow",
                                                "__globals__": {
                                                    "number_color": "globals\/colors?id=8c71d72",
                                                    "typography_number_typography": "globals\/typography?id=6839c7a",
                                                    "title_color": "globals\/colors?id=4c4b4e8"
                                                }
                                            },
                                            "elements": [],
                                            "isInner": false,
                                            "widgetType": "counter",
                                            "elType": "widget"
                                        }
                                    ],
                                    "isInner": true,
                                    "elType": "column"
                                },
                                {
                                    "id": "6fa0dcef",
                                    "settings": {
                                        "_column_size": 25,
                                        "_inline_size": null,
                                        "_inline_size_tablet": 50,
                                        "padding": {
                                            "unit": "em",
                                            "top": "1",
                                            "right": "1",
                                            "bottom": "1",
                                            "left": "1",
                                            "isLinked": true
                                        }
                                    },
                                    "elements": [
                                        {
                                            "id": "54147ae5",
                                            "settings": {
                                                "ending_number": 75,
                                                "suffix": "K",
                                                "thousand_separator_char": ".",
                                                "title": "Follower",
                                                "number_color": "#AE8959",
                                                "typography_title_font_family": "Barlow",
                                                "__globals__": {
                                                    "number_color": "globals\/colors?id=8c71d72",
                                                    "typography_number_typography": "globals\/typography?id=6839c7a",
                                                    "title_color": "globals\/colors?id=4c4b4e8"
                                                }
                                            },
                                            "elements": [],
                                            "isInner": false,
                                            "widgetType": "counter",
                                            "elType": "widget"
                                        }
                                    ],
                                    "isInner": true,
                                    "elType": "column"
                                }
                            ],
                            "isInner": true,
                            "elType": "section"
                        }
                    ],
                    "isInner": false,
                    "elType": "column"
                }
            ],
            "isInner": false,
            "elType": "section"
        },
        {
            "id": "84cc3b7",
            "settings": {
                "background_background": "classic",
                "background_color": "#FFFFFF",
                "padding": {
                    "unit": "em",
                    "top": "7",
                    "right": "1",
                    "bottom": "7",
                    "left": "1",
                    "isLinked": false
                }
            },
            "elements": [
                {
                    "id": "201c48d1",
                    "settings": {
                        "_column_size": 100,
                        "_inline_size": null,
                        "padding": {
                            "unit": "em",
                            "top": "1",
                            "right": "1",
                            "bottom": "1",
                            "left": "1",
                            "isLinked": true
                        }
                    },
                    "elements": [
                        {
                            "id": "1d7764d4",
                            "settings": {
                                "title": "Artist",
                                "header_size": "h3",
                                "align": "center",
                                "typography_font_family": "Oswald",
                                "typography_font_size": {
                                    "unit": "px",
                                    "size": 28,
                                    "sizes": []
                                },
                                "typography_font_size_mobile": {
                                    "unit": "px",
                                    "size": 16,
                                    "sizes": []
                                },
                                "typography_text_transform": "uppercase",
                                "__globals__": {
                                    "title_color": "globals\/colors?id=8c71d72"
                                }
                            },
                            "elements": [],
                            "isInner": false,
                            "widgetType": "heading",
                            "elType": "widget"
                        },
                        {
                            "id": "41101c68",
                            "settings": {
                                "title": "Meet Our Professional Artist",
                                "align": "center",
                                "typography_font_family": "UnifrakturMaguntia",
                                "typography_font_size": {
                                    "unit": "px",
                                    "size": 50,
                                    "sizes": []
                                },
                                "typography_font_size_mobile": {
                                    "unit": "px",
                                    "size": 32,
                                    "sizes": []
                                },
                                "__globals__": {
                                    "title_color": "globals\/colors?id=d3dee9f"
                                }
                            },
                            "elements": [],
                            "isInner": false,
                            "widgetType": "heading",
                            "elType": "widget"
                        },
                        {
                            "id": "7ce549e8",
                            "settings": {
                                "structure": "30"
                            },
                            "elements": [
                                {
                                    "id": "3ca9ac11",
                                    "settings": {
                                        "_column_size": 33,
                                        "_inline_size": null,
                                        "space_between_widgets": 0,
                                        "padding": {
                                            "unit": "em",
                                            "top": "1",
                                            "right": "1",
                                            "bottom": "1",
                                            "left": "1",
                                            "isLinked": true
                                        }
                                    },
                                    "elements": [
                                        {
                                            "id": "1e796926",
                                            "settings": {
                                                "image": {
                                                    "id": 48,
                                                    "url": "http:\/\/templatekit.krakenbox.net\/blankink\/wp-content\/uploads\/sites\/4\/2020\/10\/s11.jpg"
                                                },
                                                "image_size": "custom",
                                                "image_custom_dimension": {
                                                    "width": "600",
                                                    "height": "700"
                                                },
                                                "hover_animation": "float"
                                            },
                                            "elements": [],
                                            "isInner": false,
                                            "widgetType": "image",
                                            "elType": "widget"
                                        },
                                        {
                                            "id": "4eb5cd9e",
                                            "settings": {
                                                "space": {
                                                    "unit": "px",
                                                    "size": 15,
                                                    "sizes": []
                                                }
                                            },
                                            "elements": [],
                                            "isInner": false,
                                            "widgetType": "spacer",
                                            "elType": "widget"
                                        },
                                        {
                                            "id": "5b410784",
                                            "settings": {
                                                "title": "Ferly Lee",
                                                "header_size": "h3",
                                                "align": "center",
                                                "typography_font_family": "Oswald",
                                                "typography_font_size": {
                                                    "unit": "px",
                                                    "size": 24,
                                                    "sizes": []
                                                },
                                                "typography_font_size_mobile": {
                                                    "unit": "px",
                                                    "size": 16,
                                                    "sizes": []
                                                },
                                                "typography_text_transform": "uppercase",
                                                "__globals__": {
                                                    "title_color": "globals\/colors?id=ca2f424"
                                                }
                                            },
                                            "elements": [],
                                            "isInner": false,
                                            "widgetType": "heading",
                                            "elType": "widget"
                                        },
                                        {
                                            "id": "a7b7b0b",
                                            "settings": {
                                                "align": "center",
                                                "editor": "<p>Tattooist<\/p>",
                                                "__globals__": {
                                                    "text_color": "globals\/colors?id=text",
                                                    "typography_typography": "globals\/typography?id=text"
                                                }
                                            },
                                            "elements": [],
                                            "isInner": false,
                                            "widgetType": "text-editor",
                                            "elType": "widget"
                                        },
                                        {
                                            "id": "5d8b1182",
                                            "settings": {
                                                "social_icon_list": [
                                                    {
                                                        "social_icon": {
                                                            "value": "fab fa-facebook",
                                                            "library": "fa-brands"
                                                        },
                                                        "_id": "d8c69d0"
                                                    },
                                                    {
                                                        "social_icon": {
                                                            "value": "fab fa-twitter",
                                                            "library": "fa-brands"
                                                        },
                                                        "_id": "7a20629"
                                                    },
                                                    {
                                                        "social_icon": {
                                                            "value": "fab fa-youtube",
                                                            "library": "fa-brands"
                                                        },
                                                        "_id": "0fcd4b7"
                                                    }
                                                ],
                                                "icon_color": "custom",
                                                "icon_size": {
                                                    "unit": "px",
                                                    "size": 20,
                                                    "sizes": []
                                                },
                                                "icon_padding": {
                                                    "unit": "em",
                                                    "size": 0.5,
                                                    "sizes": []
                                                },
                                                "icon_spacing": {
                                                    "unit": "px",
                                                    "size": 0,
                                                    "sizes": []
                                                },
                                                "__globals__": {
                                                    "icon_primary_color": "globals\/colors?id=8165548",
                                                    "icon_secondary_color": "globals\/colors?id=8c71d72",
                                                    "hover_secondary_color": "globals\/colors?id=ca2f424"
                                                }
                                            },
                                            "elements": [],
                                            "isInner": false,
                                            "widgetType": "social-icons",
                                            "elType": "widget"
                                        }
                                    ],
                                    "isInner": true,
                                    "elType": "column"
                                },
                                {
                                    "id": "192188ca",
                                    "settings": {
                                        "_column_size": 33,
                                        "_inline_size": null,
                                        "space_between_widgets": 0,
                                        "padding": {
                                            "unit": "em",
                                            "top": "1",
                                            "right": "1",
                                            "bottom": "1",
                                            "left": "1",
                                            "isLinked": true
                                        }
                                    },
                                    "elements": [
                                        {
                                            "id": "23267b96",
                                            "settings": {
                                                "image": {
                                                    "id": 50,
                                                    "url": "http:\/\/templatekit.krakenbox.net\/blankink\/wp-content\/uploads\/sites\/4\/2020\/10\/s13.jpg"
                                                },
                                                "image_size": "custom",
                                                "image_custom_dimension": {
                                                    "width": "600",
                                                    "height": "700"
                                                },
                                                "hover_animation": "float"
                                            },
                                            "elements": [],
                                            "isInner": false,
                                            "widgetType": "image",
                                            "elType": "widget"
                                        },
                                        {
                                            "id": "661752f4",
                                            "settings": {
                                                "space": {
                                                    "unit": "px",
                                                    "size": 15,
                                                    "sizes": []
                                                }
                                            },
                                            "elements": [],
                                            "isInner": false,
                                            "widgetType": "spacer",
                                            "elType": "widget"
                                        },
                                        {
                                            "id": "15e8834f",
                                            "settings": {
                                                "title": "John Rambo",
                                                "header_size": "h3",
                                                "align": "center",
                                                "typography_font_family": "Oswald",
                                                "typography_font_size": {
                                                    "unit": "px",
                                                    "size": 24,
                                                    "sizes": []
                                                },
                                                "typography_font_size_mobile": {
                                                    "unit": "px",
                                                    "size": 16,
                                                    "sizes": []
                                                },
                                                "typography_text_transform": "uppercase",
                                                "__globals__": {
                                                    "title_color": "globals\/colors?id=ca2f424"
                                                }
                                            },
                                            "elements": [],
                                            "isInner": false,
                                            "widgetType": "heading",
                                            "elType": "widget"
                                        },
                                        {
                                            "id": "37a3b5ff",
                                            "settings": {
                                                "align": "center",
                                                "editor": "<p>Tattooist<\/p>",
                                                "__globals__": {
                                                    "text_color": "globals\/colors?id=text",
                                                    "typography_typography": "globals\/typography?id=text"
                                                }
                                            },
                                            "elements": [],
                                            "isInner": false,
                                            "widgetType": "text-editor",
                                            "elType": "widget"
                                        },
                                        {
                                            "id": "6a7628f7",
                                            "settings": {
                                                "social_icon_list": [
                                                    {
                                                        "social_icon": {
                                                            "value": "fab fa-facebook",
                                                            "library": "fa-brands"
                                                        },
                                                        "_id": "d8c69d0"
                                                    },
                                                    {
                                                        "social_icon": {
                                                            "value": "fab fa-twitter",
                                                            "library": "fa-brands"
                                                        },
                                                        "_id": "7a20629"
                                                    },
                                                    {
                                                        "social_icon": {
                                                            "value": "fab fa-youtube",
                                                            "library": "fa-brands"
                                                        },
                                                        "_id": "0fcd4b7"
                                                    }
                                                ],
                                                "icon_color": "custom",
                                                "icon_size": {
                                                    "unit": "px",
                                                    "size": 20,
                                                    "sizes": []
                                                },
                                                "icon_padding": {
                                                    "unit": "em",
                                                    "size": 0.5,
                                                    "sizes": []
                                                },
                                                "icon_spacing": {
                                                    "unit": "px",
                                                    "size": 0,
                                                    "sizes": []
                                                },
                                                "__globals__": {
                                                    "icon_primary_color": "globals\/colors?id=8165548",
                                                    "icon_secondary_color": "globals\/colors?id=8c71d72",
                                                    "hover_secondary_color": "globals\/colors?id=ca2f424"
                                                }
                                            },
                                            "elements": [],
                                            "isInner": false,
                                            "widgetType": "social-icons",
                                            "elType": "widget"
                                        }
                                    ],
                                    "isInner": true,
                                    "elType": "column"
                                },
                                {
                                    "id": "491159a7",
                                    "settings": {
                                        "_column_size": 33,
                                        "_inline_size": null,
                                        "space_between_widgets": 0,
                                        "padding": {
                                            "unit": "em",
                                            "top": "1",
                                            "right": "1",
                                            "bottom": "1",
                                            "left": "1",
                                            "isLinked": true
                                        }
                                    },
                                    "elements": [
                                        {
                                            "id": "187c2cbc",
                                            "settings": {
                                                "image": {
                                                    "id": 47,
                                                    "url": "http:\/\/templatekit.krakenbox.net\/blankink\/wp-content\/uploads\/sites\/4\/2020\/10\/s10.jpg"
                                                },
                                                "image_size": "custom",
                                                "image_custom_dimension": {
                                                    "width": "600",
                                                    "height": "700"
                                                },
                                                "hover_animation": "float"
                                            },
                                            "elements": [],
                                            "isInner": false,
                                            "widgetType": "image",
                                            "elType": "widget"
                                        },
                                        {
                                            "id": "410fe879",
                                            "settings": {
                                                "space": {
                                                    "unit": "px",
                                                    "size": 15,
                                                    "sizes": []
                                                }
                                            },
                                            "elements": [],
                                            "isInner": false,
                                            "widgetType": "spacer",
                                            "elType": "widget"
                                        },
                                        {
                                            "id": "1b4e6df9",
                                            "settings": {
                                                "title": "Debora zhe",
                                                "header_size": "h3",
                                                "align": "center",
                                                "typography_font_family": "Oswald",
                                                "typography_font_size": {
                                                    "unit": "px",
                                                    "size": 24,
                                                    "sizes": []
                                                },
                                                "typography_font_size_mobile": {
                                                    "unit": "px",
                                                    "size": 16,
                                                    "sizes": []
                                                },
                                                "typography_text_transform": "uppercase",
                                                "__globals__": {
                                                    "title_color": "globals\/colors?id=ca2f424"
                                                }
                                            },
                                            "elements": [],
                                            "isInner": false,
                                            "widgetType": "heading",
                                            "elType": "widget"
                                        },
                                        {
                                            "id": "53b5beeb",
                                            "settings": {
                                                "align": "center",
                                                "editor": "<p>Tattooist<\/p>",
                                                "__globals__": {
                                                    "text_color": "globals\/colors?id=text",
                                                    "typography_typography": "globals\/typography?id=text"
                                                }
                                            },
                                            "elements": [],
                                            "isInner": false,
                                            "widgetType": "text-editor",
                                            "elType": "widget"
                                        },
                                        {
                                            "id": "39212a1e",
                                            "settings": {
                                                "social_icon_list": [
                                                    {
                                                        "social_icon": {
                                                            "value": "fab fa-facebook",
                                                            "library": "fa-brands"
                                                        },
                                                        "_id": "d8c69d0"
                                                    },
                                                    {
                                                        "social_icon": {
                                                            "value": "fab fa-twitter",
                                                            "library": "fa-brands"
                                                        },
                                                        "_id": "7a20629"
                                                    },
                                                    {
                                                        "social_icon": {
                                                            "value": "fab fa-youtube",
                                                            "library": "fa-brands"
                                                        },
                                                        "_id": "0fcd4b7"
                                                    }
                                                ],
                                                "icon_color": "custom",
                                                "icon_size": {
                                                    "unit": "px",
                                                    "size": 20,
                                                    "sizes": []
                                                },
                                                "icon_padding": {
                                                    "unit": "em",
                                                    "size": 0.5,
                                                    "sizes": []
                                                },
                                                "icon_spacing": {
                                                    "unit": "px",
                                                    "size": 0,
                                                    "sizes": []
                                                },
                                                "__globals__": {
                                                    "icon_primary_color": "globals\/colors?id=8165548",
                                                    "icon_secondary_color": "globals\/colors?id=8c71d72",
                                                    "hover_secondary_color": "globals\/colors?id=ca2f424"
                                                }
                                            },
                                            "elements": [],
                                            "isInner": false,
                                            "widgetType": "social-icons",
                                            "elType": "widget"
                                        }
                                    ],
                                    "isInner": true,
                                    "elType": "column"
                                }
                            ],
                            "isInner": true,
                            "elType": "section"
                        },
                        {
                            "id": "33d5340b",
                            "settings": {
                                "space": {
                                    "unit": "px",
                                    "size": 30,
                                    "sizes": []
                                }
                            },
                            "elements": [],
                            "isInner": false,
                            "widgetType": "spacer",
                            "elType": "widget"
                        },
                        {
                            "id": "36c3d400",
                            "settings": {
                                "text": "View All Artist",
                                "align": "center",
                                "size": "md",
                                "typography_font_family": "Oswald",
                                "typography_font_size": {
                                    "unit": "px",
                                    "size": 18,
                                    "sizes": []
                                },
                                "typography_font_weight": "600",
                                "typography_text_transform": "uppercase",
                                "hover_animation": "float",
                                "border_radius": {
                                    "unit": "px",
                                    "top": "0",
                                    "right": "0",
                                    "bottom": "0",
                                    "left": "0",
                                    "isLinked": true
                                },
                                "typography_line_height": {
                                    "unit": "em",
                                    "size": 1.1999999999999999555910790149937383830547332763671875,
                                    "sizes": []
                                },
                                "typography_letter_spacing": {
                                    "unit": "px",
                                    "size": 1,
                                    "sizes": []
                                },
                                "__globals__": {
                                    "typography_typography": ""
                                }
                            },
                            "elements": [],
                            "isInner": false,
                            "widgetType": "button",
                            "elType": "widget"
                        }
                    ],
                    "isInner": false,
                    "elType": "column"
                }
            ],
            "isInner": false,
            "elType": "section"
        }
    ]
}