{
    "version": "0.4",
    "title": "Contact Us",
    "type": "page",
    "metadata": {
        "template_type": "single-page",
        "include_in_zip": "1",
        "elementor_pro_required": null,
        "wp_page_template": "elementor_header_footer"
    },
    "content": [
        {
            "id": "656b0876",
            "settings": {
                "content_width": {
                    "unit": "px",
                    "size": 800,
                    "sizes": []
                },
                "background_background": "classic",
                "background_slideshow_ken_burns": "yes",
                "background_overlay_background": "classic",
                "background_overlay_color": "#000000",
                "padding": {
                    "unit": "em",
                    "top": "7",
                    "right": "1",
                    "bottom": "7",
                    "left": "1",
                    "isLinked": false
                },
                "padding_mobile": {
                    "unit": "em",
                    "top": "7",
                    "right": "1",
                    "bottom": "7",
                    "left": "1",
                    "isLinked": false
                },
                "background_color": "#0F0F0F",
                "background_image": {
                    "id": 40,
                    "url": "http:\/\/templatekit.krakenbox.net\/blankink\/wp-content\/uploads\/sites\/4\/2020\/10\/s4.jpg"
                },
                "background_position": "center center",
                "background_size": "cover"
            },
            "elements": [
                {
                    "id": "5b2cbbd6",
                    "settings": {
                        "_column_size": 100,
                        "_inline_size": null,
                        "padding": {
                            "unit": "em",
                            "top": "1",
                            "right": "1",
                            "bottom": "1",
                            "left": "1",
                            "isLinked": true
                        }
                    },
                    "elements": [
                        {
                            "id": "48dd07f0",
                            "settings": {
                                "title": "Get in touch",
                                "header_size": "h3",
                                "align": "center",
                                "typography_font_family": "Oswald",
                                "typography_font_size": {
                                    "unit": "px",
                                    "size": 20,
                                    "sizes": []
                                },
                                "typography_font_size_mobile": {
                                    "unit": "px",
                                    "size": 18,
                                    "sizes": []
                                },
                                "typography_text_transform": "uppercase",
                                "__globals__": {
                                    "title_color": "globals\/colors?id=8c71d72"
                                }
                            },
                            "elements": [],
                            "isInner": false,
                            "widgetType": "heading",
                            "elType": "widget"
                        },
                        {
                            "id": "6f7fb2d1",
                            "settings": {
                                "title": "Contact us",
                                "align": "center",
                                "typography_font_family": "UnifrakturMaguntia",
                                "typography_font_size": {
                                    "unit": "px",
                                    "size": 80,
                                    "sizes": []
                                },
                                "text_shadow_text_shadow_type": "yes",
                                "typography_font_size_tablet": {
                                    "unit": "px",
                                    "size": 60,
                                    "sizes": []
                                },
                                "typography_font_size_mobile": {
                                    "unit": "px",
                                    "size": 48,
                                    "sizes": []
                                },
                                "header_size": "h1",
                                "__globals__": {
                                    "title_color": "globals\/colors?id=8165548"
                                }
                            },
                            "elements": [],
                            "isInner": false,
                            "widgetType": "heading",
                            "elType": "widget"
                        },
                        {
                            "id": "26223ff8",
                            "settings": {
                                "align": "center",
                                "typography_font_family": "Barlow",
                                "typography_font_size": {
                                    "unit": "px",
                                    "size": 18,
                                    "sizes": []
                                },
                                "typography_font_size_mobile": {
                                    "unit": "px",
                                    "size": 16,
                                    "sizes": []
                                },
                                "__globals__": {
                                    "text_color": "globals\/colors?id=8165548"
                                }
                            },
                            "elements": [],
                            "isInner": false,
                            "widgetType": "text-editor",
                            "elType": "widget"
                        }
                    ],
                    "isInner": false,
                    "elType": "column"
                }
            ],
            "isInner": false,
            "elType": "section"
        },
        {
            "id": "1b790fe9",
            "settings": {
                "layout": "full_width",
                "padding": {
                    "unit": "px",
                    "top": "0",
                    "right": "0",
                    "bottom": "0",
                    "left": "0",
                    "isLinked": true
                }
            },
            "elements": [
                {
                    "id": "1036d2d9",
                    "settings": {
                        "_column_size": 100,
                        "_inline_size": null,
                        "padding": {
                            "unit": "px",
                            "top": "0",
                            "right": "0",
                            "bottom": "0",
                            "left": "0",
                            "isLinked": true
                        }
                    },
                    "elements": [
                        {
                            "id": "62a30794",
                            "settings": {
                                "address": "London Eye, London, United Kingdom",
                                "zoom": {
                                    "unit": "px",
                                    "size": 15,
                                    "sizes": []
                                },
                                "height": {
                                    "unit": "px",
                                    "size": 400,
                                    "sizes": []
                                },
                                "css_filters_css_filter": "custom",
                                "css_filters_saturate": {
                                    "unit": "px",
                                    "size": 0,
                                    "sizes": []
                                }
                            },
                            "elements": [],
                            "isInner": false,
                            "widgetType": "google_maps",
                            "elType": "widget"
                        }
                    ],
                    "isInner": false,
                    "elType": "column"
                }
            ],
            "isInner": false,
            "elType": "section"
        },
        {
            "id": "3354cf9e",
            "settings": {
                "background_background": "classic",
                "background_color": "#FFFFFF",
                "margin": {
                    "unit": "px",
                    "top": "0",
                    "right": 0,
                    "bottom": "0",
                    "left": 0,
                    "isLinked": false
                },
                "padding": {
                    "unit": "em",
                    "top": "0",
                    "right": "1",
                    "bottom": "0",
                    "left": "1",
                    "isLinked": false
                }
            },
            "elements": [
                {
                    "id": "57d1d7a8",
                    "settings": {
                        "_column_size": 100,
                        "_inline_size": null,
                        "background_background": "classic",
                        "padding": {
                            "unit": "em",
                            "top": "2",
                            "right": "1",
                            "bottom": "2",
                            "left": "1",
                            "isLinked": false
                        },
                        "margin": {
                            "unit": "px",
                            "top": "-75",
                            "right": "0",
                            "bottom": "0",
                            "left": "0",
                            "isLinked": false
                        },
                        "__globals__": {
                            "background_color": "globals\/colors?id=d3dee9f"
                        }
                    },
                    "elements": [
                        {
                            "id": "2cd6c208",
                            "settings": {
                                "structure": "30"
                            },
                            "elements": [
                                {
                                    "id": "2786627c",
                                    "settings": {
                                        "_column_size": 33,
                                        "_inline_size": null,
                                        "_inline_size_tablet": 100,
                                        "padding": {
                                            "unit": "em",
                                            "top": "1",
                                            "right": "1",
                                            "bottom": "1",
                                            "left": "1",
                                            "isLinked": true
                                        },
                                        "border_width": {
                                            "unit": "px",
                                            "top": "0",
                                            "right": "0",
                                            "bottom": "0",
                                            "left": "0",
                                            "isLinked": false
                                        },
                                        "border_color": "#AE8959",
                                        "box_shadow_box_shadow_type": "yes"
                                    },
                                    "elements": [
                                        {
                                            "id": "19ef6bce",
                                            "settings": {
                                                "selected_icon": {
                                                    "value": "icon icon-phone",
                                                    "library": "ekiticons"
                                                },
                                                "title_text": "Call - us",
                                                "description_text": "(62+) 928 1912\n<br>\n(62+) 929 1922",
                                                "title_bottom_space": {
                                                    "unit": "px",
                                                    "size": 12,
                                                    "sizes": []
                                                },
                                                "title_typography_font_family": "Oswald",
                                                "title_typography_font_size": {
                                                    "unit": "px",
                                                    "size": 24,
                                                    "sizes": []
                                                },
                                                "title_typography_text_transform": "uppercase",
                                                "__globals__": {
                                                    "primary_color": "globals\/colors?id=8c71d72",
                                                    "title_color": "globals\/colors?id=8165548",
                                                    "description_color": "globals\/colors?id=4c4b4e8",
                                                    "description_typography_typography": "globals\/typography?id=text"
                                                }
                                            },
                                            "elements": [],
                                            "isInner": false,
                                            "widgetType": "icon-box",
                                            "elType": "widget"
                                        }
                                    ],
                                    "isInner": true,
                                    "elType": "column"
                                },
                                {
                                    "id": "4d80b2c6",
                                    "settings": {
                                        "_column_size": 33,
                                        "_inline_size": null,
                                        "_inline_size_tablet": 100,
                                        "padding": {
                                            "unit": "em",
                                            "top": "1",
                                            "right": "1",
                                            "bottom": "1",
                                            "left": "1",
                                            "isLinked": true
                                        },
                                        "border_border": "solid",
                                        "border_width": {
                                            "unit": "px",
                                            "top": "0",
                                            "right": "1",
                                            "bottom": "0",
                                            "left": "1",
                                            "isLinked": false
                                        },
                                        "__globals__": {
                                            "border_color": "globals\/colors?id=8c71d72"
                                        }
                                    },
                                    "elements": [
                                        {
                                            "id": "43853ba4",
                                            "settings": {
                                                "selected_icon": {
                                                    "value": "icon icon-google-map",
                                                    "library": "ekiticons"
                                                },
                                                "title_text": "Our - Location",
                                                "description_text": "77 Heaven street\n<br>Melbourne, 29282, Australia",
                                                "title_bottom_space": {
                                                    "unit": "px",
                                                    "size": 12,
                                                    "sizes": []
                                                },
                                                "title_typography_font_family": "Oswald",
                                                "title_typography_font_size": {
                                                    "unit": "px",
                                                    "size": 24,
                                                    "sizes": []
                                                },
                                                "title_typography_text_transform": "uppercase",
                                                "__globals__": {
                                                    "primary_color": "globals\/colors?id=8c71d72",
                                                    "title_color": "globals\/colors?id=8165548",
                                                    "description_color": "globals\/colors?id=4c4b4e8",
                                                    "description_typography_typography": "globals\/typography?id=text"
                                                }
                                            },
                                            "elements": [],
                                            "isInner": false,
                                            "widgetType": "icon-box",
                                            "elType": "widget"
                                        }
                                    ],
                                    "isInner": true,
                                    "elType": "column"
                                },
                                {
                                    "id": "4641a40f",
                                    "settings": {
                                        "_column_size": 33,
                                        "_inline_size": null,
                                        "_inline_size_tablet": 100,
                                        "padding": {
                                            "unit": "em",
                                            "top": "1",
                                            "right": "1",
                                            "bottom": "1",
                                            "left": "1",
                                            "isLinked": true
                                        }
                                    },
                                    "elements": [
                                        {
                                            "id": "1252f0d3",
                                            "settings": {
                                                "selected_icon": {
                                                    "value": "icon icon-envelope11",
                                                    "library": "ekiticons"
                                                },
                                                "title_text": "email - us",
                                                "description_text": "hello@blackink.com\n<br>\nsupport@blackink.com",
                                                "title_bottom_space": {
                                                    "unit": "px",
                                                    "size": 12,
                                                    "sizes": []
                                                },
                                                "title_typography_font_family": "Oswald",
                                                "title_typography_font_size": {
                                                    "unit": "px",
                                                    "size": 24,
                                                    "sizes": []
                                                },
                                                "title_typography_text_transform": "uppercase",
                                                "__globals__": {
                                                    "primary_color": "globals\/colors?id=8c71d72",
                                                    "title_color": "globals\/colors?id=8165548",
                                                    "description_color": "globals\/colors?id=4c4b4e8",
                                                    "description_typography_typography": "globals\/typography?id=text"
                                                }
                                            },
                                            "elements": [],
                                            "isInner": false,
                                            "widgetType": "icon-box",
                                            "elType": "widget"
                                        }
                                    ],
                                    "isInner": true,
                                    "elType": "column"
                                }
                            ],
                            "isInner": true,
                            "elType": "section"
                        }
                    ],
                    "isInner": false,
                    "elType": "column"
                }
            ],
            "isInner": false,
            "elType": "section"
        },
        {
            "id": "44fb0770",
            "settings": {
                "background_color": "#0F0F0F",
                "background_image": {
                    "id": "",
                    "url": "http:\/\/templatekit.krakenbox.net\/blankink\/wp-content\/plugins\/elementor\/assets\/images\/placeholder.png"
                },
                "background_position": "center center",
                "background_size": "cover",
                "background_overlay_color": "#0F0F0F",
                "background_overlay_opacity": {
                    "unit": "px",
                    "size": 0.92000000000000003996802888650563545525074005126953125,
                    "sizes": []
                },
                "overlay_blend_mode": "multiply",
                "padding": {
                    "unit": "em",
                    "top": "7",
                    "right": "1",
                    "bottom": "7",
                    "left": "1",
                    "isLinked": false
                }
            },
            "elements": [
                {
                    "id": "2275859d",
                    "settings": {
                        "_column_size": 100,
                        "_inline_size": null,
                        "padding": {
                            "unit": "em",
                            "top": "1",
                            "right": "1",
                            "bottom": "1",
                            "left": "1",
                            "isLinked": true
                        },
                        "padding_mobile": {
                            "unit": "em",
                            "top": "0",
                            "right": "0",
                            "bottom": "0",
                            "left": "0",
                            "isLinked": true
                        }
                    },
                    "elements": [
                        {
                            "id": "1aa498d4",
                            "settings": {
                                "space": {
                                    "unit": "px",
                                    "size": 30,
                                    "sizes": []
                                }
                            },
                            "elements": [],
                            "isInner": false,
                            "widgetType": "spacer",
                            "elType": "widget"
                        },
                        {
                            "id": "24e0a24b",
                            "settings": {
                                "structure": "20"
                            },
                            "elements": [
                                {
                                    "id": "2a5ccb0b",
                                    "settings": {
                                        "_column_size": 50,
                                        "_inline_size": null,
                                        "padding": {
                                            "unit": "em",
                                            "top": "1",
                                            "right": "3",
                                            "bottom": "1",
                                            "left": "1",
                                            "isLinked": false
                                        },
                                        "_inline_size_tablet": 100,
                                        "padding_tablet": {
                                            "unit": "em",
                                            "top": "1",
                                            "right": "1",
                                            "bottom": "1",
                                            "left": "1",
                                            "isLinked": true
                                        },
                                        "padding_mobile": {
                                            "unit": "em",
                                            "top": "1",
                                            "right": "1",
                                            "bottom": "1",
                                            "left": "1",
                                            "isLinked": true
                                        }
                                    },
                                    "elements": [
                                        {
                                            "id": "45dc7c30",
                                            "settings": {
                                                "title": "Get in Touch",
                                                "header_size": "h3",
                                                "align": "left",
                                                "typography_font_family": "Oswald",
                                                "typography_font_size": {
                                                    "unit": "px",
                                                    "size": 28,
                                                    "sizes": []
                                                },
                                                "typography_font_size_mobile": {
                                                    "unit": "px",
                                                    "size": 16,
                                                    "sizes": []
                                                },
                                                "typography_text_transform": "uppercase",
                                                "__globals__": {
                                                    "title_color": "globals\/colors?id=8c71d72"
                                                }
                                            },
                                            "elements": [],
                                            "isInner": false,
                                            "widgetType": "heading",
                                            "elType": "widget"
                                        },
                                        {
                                            "id": "e7bba91",
                                            "settings": {
                                                "title": "Fell Free to Drop Us a Line ",
                                                "align": "left",
                                                "typography_font_family": "UnifrakturMaguntia",
                                                "typography_font_size": {
                                                    "unit": "px",
                                                    "size": 50,
                                                    "sizes": []
                                                },
                                                "typography_font_size_mobile": {
                                                    "unit": "px",
                                                    "size": 32,
                                                    "sizes": []
                                                },
                                                "__globals__": {
                                                    "title_color": "globals\/colors?id=ca2f424"
                                                }
                                            },
                                            "elements": [],
                                            "isInner": false,
                                            "widgetType": "heading",
                                            "elType": "widget"
                                        },
                                        {
                                            "id": "7f209a17",
                                            "settings": {
                                                "ekit_contact_form7": "84",
                                                "ekit_contact_form_input_label_typography_font_family": "Oswald",
                                                "ekit_contact_form_input_label_typography_font_size": {
                                                    "unit": "rem",
                                                    "size": 1.399999999999999911182158029987476766109466552734375,
                                                    "sizes": []
                                                },
                                                "ekit_contact_form_input_label_typography_line_height": {
                                                    "unit": "em",
                                                    "size": 1.5,
                                                    "sizes": []
                                                },
                                                "ekit_contact_form_input_label_color": "",
                                                "ekit_contact_form_input_label_hint_typography_font_family": "Barlow",
                                                "ekit_contact_form_input_label_hint_typography_font_size": {
                                                    "unit": "rem",
                                                    "size": 1,
                                                    "sizes": []
                                                },
                                                "ekit_contact_form_input_label_hint_color": "",
                                                "ekit_contact_form_input_style_width": {
                                                    "unit": "px",
                                                    "size": 490,
                                                    "sizes": []
                                                },
                                                "ekit_contact_form_input_style_width_tablet": {
                                                    "unit": "px",
                                                    "size": 655,
                                                    "sizes": []
                                                },
                                                "ekit_contact_form_input_style_width_mobile": {
                                                    "unit": "px",
                                                    "size": 280,
                                                    "sizes": []
                                                },
                                                "ekit_contact_form_input_style_margin_bottom": {
                                                    "unit": "px",
                                                    "size": 5,
                                                    "sizes": []
                                                },
                                                "ekit_contact_form_input_style_textarea_height": {
                                                    "unit": "px",
                                                    "size": 180,
                                                    "sizes": []
                                                },
                                                "ekit_contact_form_input_style_background_background": "classic",
                                                "ekit_contact_form_input_style_border_border": "solid",
                                                "ekit_contact_form_input_style_border_width": {
                                                    "unit": "px",
                                                    "top": "1",
                                                    "right": "1",
                                                    "bottom": "1",
                                                    "left": "1",
                                                    "isLinked": true
                                                },
                                                "ekit_contact_form_input_hover_style_background_background": "classic",
                                                "ekit_contact_form_input_focus_style_background_background": "classic",
                                                "ekit_contact_form_input_typography_font_family": "Barlow",
                                                "ekit_contact_form_input_typography_font_size": {
                                                    "unit": "px",
                                                    "size": 16,
                                                    "sizes": []
                                                },
                                                "ekit_contact_form_input_style_font_color": "",
                                                "ekit_contact_form_input_style_placeholder_font_size": {
                                                    "unit": "px",
                                                    "size": 16,
                                                    "sizes": []
                                                },
                                                "ekit_contact_form_button_style_use_width_height": "",
                                                "ekit_contact_form_button_background_background": "classic",
                                                "ekit_contact_form_button_hover_background_background": "classic",
                                                "ekit_contact_form_button_hover_background_color": "#0F0F0F",
                                                "ekit_contact_form_input_label_typography_font_size_tablet": {
                                                    "unit": "rem",
                                                    "size": "",
                                                    "sizes": []
                                                },
                                                "ekit_contact_form_input_label_typography_font_size_mobile": {
                                                    "unit": "rem",
                                                    "size": "",
                                                    "sizes": []
                                                },
                                                "ekit_contact_form_input_label_typography_font_weight": "500",
                                                "ekit_contact_form_input_label_typography_text_transform": "capitalize",
                                                "ekit_contact_form_input_label_hint_typography_font_weight": "500",
                                                "ekit_contact_form_input_label_hint_typography_line_height": {
                                                    "unit": "em",
                                                    "size": 1.5,
                                                    "sizes": []
                                                },
                                                "ekit_contact_form_input_label_hint_typography_letter_spacing": {
                                                    "unit": "px",
                                                    "size": 1,
                                                    "sizes": []
                                                },
                                                "ekit_contact_form_input_placeholder_font_color": "",
                                                "__globals__": {
                                                    "ekit_contact_form_input_label_typography_typography": "",
                                                    "ekit_contact_form_input_label_color": "",
                                                    "ekit_contact_form_input_label_hint_typography_typography": "",
                                                    "ekit_contact_form_input_style_background_color": "",
                                                    "ekit_contact_form_button_typography_typography": "globals\/typography?id=1559e04",
                                                    "ekit_contact_form_button_color": "globals\/colors?id=ca2f424",
                                                    "ekit_contact_form_button_background_color": "globals\/colors?id=8c71d72"
                                                },
                                                "ekit_contact_form_button_border_padding": {
                                                    "unit": "em",
                                                    "top": "1",
                                                    "right": "2",
                                                    "bottom": "1",
                                                    "left": "2",
                                                    "isLinked": false
                                                },
                                                "ekit_contact_form_button_border_padding_tablet": {
                                                    "unit": "em",
                                                    "top": "",
                                                    "right": "",
                                                    "bottom": "",
                                                    "left": "",
                                                    "isLinked": true
                                                },
                                                "ekit_contact_form_button_border_padding_mobile": {
                                                    "unit": "em",
                                                    "top": "",
                                                    "right": "",
                                                    "bottom": "",
                                                    "left": "",
                                                    "isLinked": true
                                                }
                                            },
                                            "elements": [],
                                            "isInner": false,
                                            "widgetType": "elementskit-contact-form7",
                                            "elType": "widget"
                                        }
                                    ],
                                    "isInner": true,
                                    "elType": "column"
                                },
                                {
                                    "id": "6b34d1e6",
                                    "settings": {
                                        "_column_size": 50,
                                        "_inline_size": null,
                                        "padding": {
                                            "unit": "em",
                                            "top": "1",
                                            "right": "1",
                                            "bottom": "1",
                                            "left": "1",
                                            "isLinked": false
                                        },
                                        "_inline_size_tablet": 100,
                                        "background_background": "classic",
                                        "background_image": {
                                            "id": 45,
                                            "url": "http:\/\/templatekit.krakenbox.net\/blankink\/wp-content\/uploads\/sites\/4\/2020\/10\/s8.jpg"
                                        },
                                        "background_position": "center center",
                                        "background_size": "cover",
                                        "background_overlay_background": "classic",
                                        "background_overlay_color": "#0F0F0F",
                                        "background_overlay_opacity": {
                                            "unit": "px",
                                            "size": 0.90000000000000002220446049250313080847263336181640625,
                                            "sizes": []
                                        },
                                        "css_filters_brightness": {
                                            "unit": "px",
                                            "size": 97,
                                            "sizes": []
                                        },
                                        "overlay_blend_mode": "darken",
                                        "margin_tablet": {
                                            "unit": "px",
                                            "top": "150",
                                            "right": "0",
                                            "bottom": "0",
                                            "left": "0",
                                            "isLinked": false
                                        },
                                        "padding_tablet": {
                                            "unit": "em",
                                            "top": "",
                                            "right": "",
                                            "bottom": "",
                                            "left": "",
                                            "isLinked": true
                                        },
                                        "__globals__": {
                                            "background_color": "globals\/colors?id=d3dee9f"
                                        }
                                    },
                                    "elements": [
                                        {
                                            "id": "661b79ac",
                                            "settings": {
                                                "selected_icon": {
                                                    "value": "icon icon-clock2",
                                                    "library": "ekiticons"
                                                },
                                                "title_text": "Open Hours",
                                                "description_text": "Monday : 10:00am - 17:00 pm\n<br>\nTuesday : 10:00am - 17:00 pm\n<br>\nWednesday : 10:00am - 17:00 pm\n<br>\nThursday : 10:00am - 17:00 pm\n<br>\nFriday : 10:00am - 17:00 pm\n<br>\nSaturday : 10:00am - 17:00 pm\n<br>\nSunday : Close",
                                                "title_bottom_space": {
                                                    "unit": "px",
                                                    "size": 18,
                                                    "sizes": []
                                                },
                                                "title_typography_font_family": "Oswald",
                                                "title_typography_font_size": {
                                                    "unit": "px",
                                                    "size": 28,
                                                    "sizes": []
                                                },
                                                "title_typography_text_transform": "uppercase",
                                                "icon_space": {
                                                    "unit": "px",
                                                    "size": 23,
                                                    "sizes": []
                                                },
                                                "_margin": {
                                                    "unit": "px",
                                                    "top": "15",
                                                    "right": "15",
                                                    "bottom": "15",
                                                    "left": "15",
                                                    "isLinked": true
                                                },
                                                "_margin_mobile": {
                                                    "unit": "px",
                                                    "top": "0",
                                                    "right": "0",
                                                    "bottom": "0",
                                                    "left": "0",
                                                    "isLinked": true
                                                },
                                                "_padding": {
                                                    "unit": "em",
                                                    "top": "9",
                                                    "right": "1",
                                                    "bottom": "9",
                                                    "left": "1",
                                                    "isLinked": false
                                                },
                                                "_background_color": "rgba(15, 15, 15, 0.91)",
                                                "_border_border": "solid",
                                                "_border_width": {
                                                    "unit": "px",
                                                    "top": "1",
                                                    "right": "1",
                                                    "bottom": "1",
                                                    "left": "1",
                                                    "isLinked": true
                                                },
                                                "__globals__": {
                                                    "primary_color": "globals\/colors?id=8c71d72",
                                                    "title_color": "globals\/colors?id=8c71d72",
                                                    "description_color": "globals\/colors?id=4c4b4e8",
                                                    "description_typography_typography": "globals\/typography?id=07a4777",
                                                    "_border_color": "globals\/colors?id=8c71d72"
                                                }
                                            },
                                            "elements": [],
                                            "isInner": false,
                                            "widgetType": "icon-box",
                                            "elType": "widget"
                                        }
                                    ],
                                    "isInner": true,
                                    "elType": "column"
                                }
                            ],
                            "isInner": true,
                            "elType": "section"
                        }
                    ],
                    "isInner": false,
                    "elType": "column"
                }
            ],
            "isInner": false,
            "elType": "section"
        }
    ]
}