{
    "version": "0.4",
    "title": "Footer",
    "type": "section",
    "metadata": {
        "template_type": "section-footer",
        "include_in_zip": "1",
        "elementor_pro_required": null,
        "wp_page_template": "elementor_header_footer"
    },
    "content": [
        {
            "id": "69b65d8f",
            "settings": {
                "background_background": "classic",
                "margin": {
                    "unit": "px",
                    "top": "",
                    "right": 0,
                    "bottom": "",
                    "left": 0,
                    "isLinked": true
                },
                "__globals__": {
                    "background_color": "globals\/colors?id=ca2f424"
                }
            },
            "elements": [
                {
                    "id": "2691a226",
                    "settings": {
                        "_column_size": 100
                    },
                    "elements": [
                        {
                            "id": "2568ef4f",
                            "settings": {
                                "structure": "30",
                                "border_border": "solid",
                                "border_width": {
                                    "unit": "px",
                                    "top": "0",
                                    "right": "0",
                                    "bottom": "1",
                                    "left": "0",
                                    "isLinked": false
                                },
                                "padding": {
                                    "unit": "em",
                                    "top": "3",
                                    "right": "0",
                                    "bottom": "3",
                                    "left": "0",
                                    "isLinked": false
                                },
                                "__globals__": {
                                    "border_color": "globals\/colors?id=7d4eab6"
                                }
                            },
                            "elements": [
                                {
                                    "id": "72470e25",
                                    "settings": {
                                        "_column_size": 33,
                                        "_inline_size": null,
                                        "space_between_widgets": 0,
                                        "padding": {
                                            "unit": "em",
                                            "top": "1",
                                            "right": "1",
                                            "bottom": "1",
                                            "left": "1",
                                            "isLinked": true
                                        },
                                        "_inline_size_tablet": 100
                                    },
                                    "elements": [
                                        {
                                            "id": "2192eb85",
                                            "settings": {
                                                "selected_icon": {
                                                    "value": "icon icon-phone",
                                                    "library": "ekiticons"
                                                },
                                                "title_text": "Call - us",
                                                "description_text": "(62+) 928 1912\n<br>\n(62+) 929 1922",
                                                "title_bottom_space": {
                                                    "unit": "px",
                                                    "size": 12,
                                                    "sizes": []
                                                },
                                                "title_typography_font_family": "Oswald",
                                                "title_typography_font_size": {
                                                    "unit": "px",
                                                    "size": 24,
                                                    "sizes": []
                                                },
                                                "title_typography_text_transform": "uppercase",
                                                "view": "stacked",
                                                "__globals__": {
                                                    "primary_color": "globals\/colors?id=d3dee9f",
                                                    "secondary_color": "globals\/colors?id=8c71d72",
                                                    "title_color": "globals\/colors?id=8165548",
                                                    "description_color": "globals\/colors?id=text",
                                                    "description_typography_typography": "globals\/typography?id=text"
                                                }
                                            },
                                            "elements": [],
                                            "isInner": false,
                                            "widgetType": "icon-box",
                                            "elType": "widget"
                                        }
                                    ],
                                    "isInner": true,
                                    "elType": "column"
                                },
                                {
                                    "id": "110f262a",
                                    "settings": {
                                        "_column_size": 33,
                                        "_inline_size": null,
                                        "space_between_widgets": 0,
                                        "padding": {
                                            "unit": "em",
                                            "top": "1",
                                            "right": "1",
                                            "bottom": "1",
                                            "left": "1",
                                            "isLinked": true
                                        },
                                        "_inline_size_tablet": 100,
                                        "padding_tablet": {
                                            "unit": "px",
                                            "top": "50",
                                            "right": "0",
                                            "bottom": "0",
                                            "left": "0",
                                            "isLinked": false
                                        }
                                    },
                                    "elements": [
                                        {
                                            "id": "3a5124e6",
                                            "settings": {
                                                "selected_icon": {
                                                    "value": "icon icon-google-map",
                                                    "library": "ekiticons"
                                                },
                                                "title_text": "Our - Location",
                                                "description_text": "77 Heaven street\n<br>Melbourne, 29282, Australia",
                                                "title_bottom_space": {
                                                    "unit": "px",
                                                    "size": 12,
                                                    "sizes": []
                                                },
                                                "title_typography_font_family": "Oswald",
                                                "title_typography_font_size": {
                                                    "unit": "px",
                                                    "size": 24,
                                                    "sizes": []
                                                },
                                                "title_typography_text_transform": "uppercase",
                                                "view": "stacked",
                                                "__globals__": {
                                                    "primary_color": "globals\/colors?id=d3dee9f",
                                                    "secondary_color": "globals\/colors?id=8c71d72",
                                                    "title_color": "globals\/colors?id=8165548",
                                                    "description_color": "globals\/colors?id=text",
                                                    "description_typography_typography": "globals\/typography?id=text"
                                                }
                                            },
                                            "elements": [],
                                            "isInner": false,
                                            "widgetType": "icon-box",
                                            "elType": "widget"
                                        }
                                    ],
                                    "isInner": true,
                                    "elType": "column"
                                },
                                {
                                    "id": "25889d6c",
                                    "settings": {
                                        "_column_size": 33,
                                        "_inline_size": null,
                                        "padding": {
                                            "unit": "em",
                                            "top": "1",
                                            "right": "1",
                                            "bottom": "1",
                                            "left": "1",
                                            "isLinked": true
                                        },
                                        "_inline_size_tablet": 100,
                                        "padding_tablet": {
                                            "unit": "px",
                                            "top": "50",
                                            "right": "30",
                                            "bottom": "0",
                                            "left": "30",
                                            "isLinked": false
                                        },
                                        "padding_mobile": {
                                            "unit": "px",
                                            "top": "50",
                                            "right": "0",
                                            "bottom": "0",
                                            "left": "0",
                                            "isLinked": false
                                        }
                                    },
                                    "elements": [
                                        {
                                            "id": "41378d40",
                                            "settings": {
                                                "selected_icon": {
                                                    "value": "icon icon-envelope11",
                                                    "library": "ekiticons"
                                                },
                                                "title_text": "email - us",
                                                "description_text": "hello@blackink.com\n<br>\nsupport@blackink.com",
                                                "title_bottom_space": {
                                                    "unit": "px",
                                                    "size": 12,
                                                    "sizes": []
                                                },
                                                "title_typography_font_family": "Oswald",
                                                "title_typography_font_size": {
                                                    "unit": "px",
                                                    "size": 24,
                                                    "sizes": []
                                                },
                                                "title_typography_text_transform": "uppercase",
                                                "view": "stacked",
                                                "__globals__": {
                                                    "primary_color": "globals\/colors?id=d3dee9f",
                                                    "secondary_color": "globals\/colors?id=8c71d72",
                                                    "title_color": "globals\/colors?id=8165548",
                                                    "description_color": "globals\/colors?id=text",
                                                    "description_typography_typography": "globals\/typography?id=text"
                                                }
                                            },
                                            "elements": [],
                                            "isInner": false,
                                            "widgetType": "icon-box",
                                            "elType": "widget"
                                        }
                                    ],
                                    "isInner": true,
                                    "elType": "column"
                                }
                            ],
                            "isInner": true,
                            "elType": "section"
                        },
                        {
                            "id": "49c5aa9d",
                            "settings": {
                                "structure": "30",
                                "padding": {
                                    "unit": "px",
                                    "top": "7",
                                    "right": "0",
                                    "bottom": "7",
                                    "left": "0",
                                    "isLinked": false
                                },
                                "margin": {
                                    "unit": "px",
                                    "top": "0",
                                    "right": 0,
                                    "bottom": "0",
                                    "left": 0,
                                    "isLinked": false
                                },
                                "background_background": "classic"
                            },
                            "elements": [
                                {
                                    "id": "724a2710",
                                    "settings": {
                                        "_column_size": 33,
                                        "_inline_size": null,
                                        "padding": {
                                            "unit": "em",
                                            "top": "1",
                                            "right": "1",
                                            "bottom": "1",
                                            "left": "0",
                                            "isLinked": false
                                        },
                                        "content_position": "center"
                                    },
                                    "elements": [
                                        {
                                            "id": "50c9fa99",
                                            "settings": {
                                                "ekit_heading_title": "\u00a92020. Krakenbox. All Rights Reserved.",
                                                "ekit_heading_title_tag": "p",
                                                "ekit_heading_sub_title": "Time has changed",
                                                "ekit_heading_show_seperator": "",
                                                "ekit_heading_title_margin": {
                                                    "unit": "px",
                                                    "top": "0",
                                                    "right": "0",
                                                    "bottom": "0",
                                                    "left": "0",
                                                    "isLinked": true
                                                },
                                                "ekit_heading_title_align_mobile": "text_center",
                                                "ekit_heading_title_shadow_text_shadow": {
                                                    "horizontal": 0,
                                                    "vertical": 0,
                                                    "blur": 10,
                                                    "color": "#AE8959"
                                                },
                                                "shadow_text_content": "bussiness",
                                                "__globals__": {
                                                    "ekit_heading_title_color": "globals\/colors?id=text",
                                                    "ekit_heading_title_typography_typography": "globals\/typography?id=text"
                                                }
                                            },
                                            "elements": [],
                                            "isInner": false,
                                            "widgetType": "elementskit-heading",
                                            "elType": "widget"
                                        }
                                    ],
                                    "isInner": true,
                                    "elType": "column"
                                },
                                {
                                    "id": "2ac502a7",
                                    "settings": {
                                        "_column_size": 33,
                                        "_inline_size": null,
                                        "padding": {
                                            "unit": "em",
                                            "top": "1",
                                            "right": "1",
                                            "bottom": "1",
                                            "left": "1",
                                            "isLinked": true
                                        }
                                    },
                                    "elements": [
                                        {
                                            "id": "a8a0c5d",
                                            "settings": {
                                                "title": "Blackink",
                                                "align": "center",
                                                "typography_font_family": "UnifrakturMaguntia",
                                                "typography_font_size": {
                                                    "unit": "px",
                                                    "size": 50,
                                                    "sizes": []
                                                },
                                                "typography_font_size_mobile": {
                                                    "unit": "px",
                                                    "size": 24,
                                                    "sizes": []
                                                },
                                                "__globals__": {
                                                    "title_color": "globals\/colors?id=8c71d72"
                                                }
                                            },
                                            "elements": [],
                                            "isInner": false,
                                            "widgetType": "heading",
                                            "elType": "widget"
                                        }
                                    ],
                                    "isInner": true,
                                    "elType": "column"
                                },
                                {
                                    "id": "2975d5f8",
                                    "settings": {
                                        "_column_size": 33,
                                        "_inline_size": null,
                                        "content_position": "center",
                                        "padding": {
                                            "unit": "em",
                                            "top": "1",
                                            "right": "0",
                                            "bottom": "1",
                                            "left": "1",
                                            "isLinked": false
                                        }
                                    },
                                    "elements": [
                                        {
                                            "id": "400a3176",
                                            "settings": {
                                                "social_icon_list": [
                                                    {
                                                        "social_icon": {
                                                            "value": "fab fa-facebook",
                                                            "library": "fa-brands"
                                                        },
                                                        "_id": "d8c69d0"
                                                    },
                                                    {
                                                        "social_icon": {
                                                            "value": "fab fa-twitter",
                                                            "library": "fa-brands"
                                                        },
                                                        "_id": "7a20629"
                                                    },
                                                    {
                                                        "social_icon": {
                                                            "value": "icon icon-instagram-2",
                                                            "library": "ekiticons"
                                                        },
                                                        "_id": "0fcd4b7"
                                                    }
                                                ],
                                                "icon_color": "custom",
                                                "icon_primary_color": "#222222",
                                                "icon_size": {
                                                    "unit": "px",
                                                    "size": 20,
                                                    "sizes": []
                                                },
                                                "icon_padding": {
                                                    "unit": "em",
                                                    "size": 0.5,
                                                    "sizes": []
                                                },
                                                "icon_spacing": {
                                                    "unit": "px",
                                                    "size": 0,
                                                    "sizes": []
                                                },
                                                "align": "right",
                                                "align_mobile": "center",
                                                "__globals__": {
                                                    "icon_secondary_color": "globals\/colors?id=8165548",
                                                    "hover_primary_color": "globals\/colors?id=ca2f424",
                                                    "hover_secondary_color": "globals\/colors?id=8c71d72"
                                                }
                                            },
                                            "elements": [],
                                            "isInner": false,
                                            "widgetType": "social-icons",
                                            "elType": "widget"
                                        }
                                    ],
                                    "isInner": true,
                                    "elType": "column"
                                }
                            ],
                            "isInner": true,
                            "elType": "section"
                        }
                    ],
                    "isInner": false,
                    "elType": "column"
                }
            ],
            "isInner": false,
            "elType": "section"
        }
    ]
}