{
    "version": "0.4",
    "title": "Header",
    "type": "section",
    "metadata": {
        "template_type": "section-header",
        "include_in_zip": "1",
        "elementor_pro_required": null,
        "wp_page_template": "elementor_header_footer"
    },
    "content": [
        {
            "id": "329bdf60",
            "settings": {
                "background_background": "classic",
                "margin": {
                    "unit": "px",
                    "top": "",
                    "right": 0,
                    "bottom": "",
                    "left": 0,
                    "isLinked": true
                },
                "padding": {
                    "unit": "em",
                    "top": "1",
                    "right": "1",
                    "bottom": "1",
                    "left": "1",
                    "isLinked": true
                },
                "padding_tablet": {
                    "unit": "px",
                    "top": "0",
                    "right": "15",
                    "bottom": "0",
                    "left": "15",
                    "isLinked": false
                },
                "layout": "full_width",
                "__globals__": {
                    "background_color": "globals\/colors?id=d3dee9f"
                }
            },
            "elements": [
                {
                    "id": "52bb1f50",
                    "settings": {
                        "_column_size": 100,
                        "margin": {
                            "unit": "px",
                            "top": "0",
                            "right": "0",
                            "bottom": "0",
                            "left": "0",
                            "isLinked": false
                        },
                        "padding": {
                            "unit": "px",
                            "top": "0",
                            "right": "0",
                            "bottom": "0",
                            "left": "0",
                            "isLinked": false
                        }
                    },
                    "elements": [
                        {
                            "id": "3bd5356e",
                            "settings": {
                                "structure": "20",
                                "margin": {
                                    "unit": "px",
                                    "top": "0",
                                    "right": 0,
                                    "bottom": "0",
                                    "left": 0,
                                    "isLinked": false
                                },
                                "padding": {
                                    "unit": "px",
                                    "top": "0",
                                    "right": "0",
                                    "bottom": "0",
                                    "left": "0",
                                    "isLinked": false
                                },
                                "padding_tablet": {
                                    "unit": "em",
                                    "top": "1",
                                    "right": "0",
                                    "bottom": "1",
                                    "left": "0",
                                    "isLinked": false
                                },
                                "padding_mobile": {
                                    "unit": "em",
                                    "top": "1",
                                    "right": "0",
                                    "bottom": "1",
                                    "left": "0",
                                    "isLinked": false
                                }
                            },
                            "elements": [
                                {
                                    "id": "13c6530e",
                                    "settings": {
                                        "_column_size": 50,
                                        "_inline_size": 29.824999999999999289457264239899814128875732421875,
                                        "content_position": "center",
                                        "margin": {
                                            "unit": "px",
                                            "top": "0",
                                            "right": "0",
                                            "bottom": "0",
                                            "left": "0",
                                            "isLinked": false
                                        },
                                        "padding": {
                                            "unit": "px",
                                            "top": "0",
                                            "right": "0",
                                            "bottom": "0",
                                            "left": "0",
                                            "isLinked": false
                                        },
                                        "_inline_size_tablet": 80,
                                        "_inline_size_mobile": 70
                                    },
                                    "elements": [
                                        {
                                            "id": "7b9ed731",
                                            "settings": {
                                                "title": "Blackink",
                                                "align": "left",
                                                "typography_font_family": "UnifrakturMaguntia",
                                                "typography_font_size": {
                                                    "unit": "px",
                                                    "size": 50,
                                                    "sizes": []
                                                },
                                                "typography_font_size_mobile": {
                                                    "unit": "px",
                                                    "size": 24,
                                                    "sizes": []
                                                },
                                                "__globals__": {
                                                    "title_color": "globals\/colors?id=8c71d72"
                                                }
                                            },
                                            "elements": [],
                                            "isInner": false,
                                            "widgetType": "heading",
                                            "elType": "widget"
                                        }
                                    ],
                                    "isInner": true,
                                    "elType": "column"
                                },
                                {
                                    "id": "1dd264e6",
                                    "settings": {
                                        "_column_size": 50,
                                        "_inline_size": 70.08899999999999863575794734060764312744140625,
                                        "margin": {
                                            "unit": "px",
                                            "top": "0",
                                            "right": "0",
                                            "bottom": "0",
                                            "left": "0",
                                            "isLinked": false
                                        },
                                        "padding": {
                                            "unit": "px",
                                            "top": "0",
                                            "right": "0",
                                            "bottom": "0",
                                            "left": "0",
                                            "isLinked": false
                                        },
                                        "_inline_size_tablet": 20,
                                        "_inline_size_mobile": 30,
                                        "content_position": "center"
                                    },
                                    "elements": [
                                        {
                                            "id": "1f9f1661",
                                            "settings": {
                                                "menu": "menu-1",
                                                "navmenu_align": "right",
                                                "color_menu_item": "#FFFFFF",
                                                "color_menu_item_hover": "#AE8969",
                                                "color_menu_item_active": "#AE8969",
                                                "background_color_dropdown_item": "#222222",
                                                "divider_border_color": "#AE8969",
                                                "toggle_color": "#AE8969",
                                                "toggle_hover_color": "#FFFFFF",
                                                "__globals__": {
                                                    "menu_typography_typography": "globals\/typography?id=b332f4d",
                                                    "color_menu_item": "globals\/colors?id=8165548",
                                                    "color_menu_item_hover": "globals\/colors?id=8c71d72",
                                                    "color_menu_item_active": "globals\/colors?id=8c71d72",
                                                    "background_color_dropdown_item": "globals\/colors?id=ca2f424",
                                                    "divider_border_color": "globals\/colors?id=8c71d72",
                                                    "toggle_color": "globals\/colors?id=8c71d72",
                                                    "toggle_hover_color": "globals\/colors?id=8165548",
                                                    "dropdown_typography_typography": "globals\/typography?id=b332f4d"
                                                }
                                            },
                                            "elements": [],
                                            "isInner": false,
                                            "widgetType": "navigation-menu",
                                            "elType": "widget"
                                        }
                                    ],
                                    "isInner": true,
                                    "elType": "column"
                                }
                            ],
                            "isInner": true,
                            "elType": "section"
                        }
                    ],
                    "isInner": false,
                    "elType": "column"
                }
            ],
            "isInner": false,
            "elType": "section"
        }
    ]
}