{
    "version": "0.4",
    "title": "Services",
    "type": "page",
    "metadata": {
        "template_type": "single-page",
        "include_in_zip": "1",
        "elementor_pro_required": null,
        "wp_page_template": "elementor_header_footer"
    },
    "content": [
        {
            "id": "2b9bdc28",
            "settings": {
                "content_width": {
                    "unit": "px",
                    "size": 800,
                    "sizes": []
                },
                "background_background": "classic",
                "background_slideshow_ken_burns": "yes",
                "background_overlay_background": "classic",
                "background_overlay_color": "#000000",
                "padding": {
                    "unit": "em",
                    "top": "7",
                    "right": "1",
                    "bottom": "7",
                    "left": "1",
                    "isLinked": false
                },
                "padding_mobile": {
                    "unit": "em",
                    "top": "7",
                    "right": "1",
                    "bottom": "7",
                    "left": "1",
                    "isLinked": false
                },
                "background_color": "#0F0F0F",
                "background_image": {
                    "id": 40,
                    "url": "http:\/\/templatekit.krakenbox.net\/blankink\/wp-content\/uploads\/sites\/4\/2020\/10\/s4.jpg"
                },
                "background_position": "center center",
                "background_size": "cover"
            },
            "elements": [
                {
                    "id": "4b687c91",
                    "settings": {
                        "_column_size": 100,
                        "_inline_size": null,
                        "padding": {
                            "unit": "em",
                            "top": "1",
                            "right": "1",
                            "bottom": "1",
                            "left": "1",
                            "isLinked": true
                        }
                    },
                    "elements": [
                        {
                            "id": "2ea3f085",
                            "settings": {
                                "title": "What We Do",
                                "header_size": "h3",
                                "align": "center",
                                "typography_font_family": "Oswald",
                                "typography_font_size": {
                                    "unit": "px",
                                    "size": 20,
                                    "sizes": []
                                },
                                "typography_font_size_mobile": {
                                    "unit": "px",
                                    "size": 18,
                                    "sizes": []
                                },
                                "typography_text_transform": "uppercase",
                                "__globals__": {
                                    "title_color": "globals\/colors?id=8c71d72"
                                }
                            },
                            "elements": [],
                            "isInner": false,
                            "widgetType": "heading",
                            "elType": "widget"
                        },
                        {
                            "id": "1f792687",
                            "settings": {
                                "title": "Our Services",
                                "align": "center",
                                "typography_font_family": "UnifrakturMaguntia",
                                "typography_font_size": {
                                    "unit": "px",
                                    "size": 80,
                                    "sizes": []
                                },
                                "text_shadow_text_shadow_type": "yes",
                                "typography_font_size_tablet": {
                                    "unit": "px",
                                    "size": 60,
                                    "sizes": []
                                },
                                "typography_font_size_mobile": {
                                    "unit": "px",
                                    "size": 48,
                                    "sizes": []
                                },
                                "header_size": "h1",
                                "__globals__": {
                                    "title_color": "globals\/colors?id=8165548"
                                }
                            },
                            "elements": [],
                            "isInner": false,
                            "widgetType": "heading",
                            "elType": "widget"
                        },
                        {
                            "id": "3f866719",
                            "settings": {
                                "align": "center",
                                "typography_font_family": "Barlow",
                                "typography_font_size": {
                                    "unit": "px",
                                    "size": 18,
                                    "sizes": []
                                },
                                "typography_font_size_mobile": {
                                    "unit": "px",
                                    "size": 16,
                                    "sizes": []
                                },
                                "__globals__": {
                                    "text_color": "globals\/colors?id=8165548"
                                }
                            },
                            "elements": [],
                            "isInner": false,
                            "widgetType": "text-editor",
                            "elType": "widget"
                        }
                    ],
                    "isInner": false,
                    "elType": "column"
                }
            ],
            "isInner": false,
            "elType": "section"
        },
        {
            "id": "233b983f",
            "settings": {
                "background_background": "classic",
                "background_position": "center center",
                "background_size": "cover",
                "background_overlay_background": "classic",
                "background_overlay_opacity": {
                    "unit": "px",
                    "size": 0.92000000000000003996802888650563545525074005126953125,
                    "sizes": []
                },
                "overlay_blend_mode": "multiply",
                "padding": {
                    "unit": "em",
                    "top": "7",
                    "right": "1",
                    "bottom": "7",
                    "left": "1",
                    "isLinked": false
                },
                "__globals__": {
                    "background_color": ""
                }
            },
            "elements": [
                {
                    "id": "4cc447ee",
                    "settings": {
                        "_column_size": 100,
                        "_inline_size": null,
                        "padding": {
                            "unit": "em",
                            "top": "1",
                            "right": "1",
                            "bottom": "1",
                            "left": "1",
                            "isLinked": true
                        },
                        "padding_mobile": {
                            "unit": "em",
                            "top": "0",
                            "right": "0",
                            "bottom": "0",
                            "left": "0",
                            "isLinked": true
                        }
                    },
                    "elements": [
                        {
                            "id": "317eccd9",
                            "settings": {
                                "title": "What we do",
                                "header_size": "h3",
                                "align": "center",
                                "typography_font_family": "Oswald",
                                "typography_font_size": {
                                    "unit": "px",
                                    "size": 28,
                                    "sizes": []
                                },
                                "typography_font_size_mobile": {
                                    "unit": "px",
                                    "size": 16,
                                    "sizes": []
                                },
                                "typography_text_transform": "uppercase",
                                "__globals__": {
                                    "title_color": "globals\/colors?id=8c71d72"
                                }
                            },
                            "elements": [],
                            "isInner": false,
                            "widgetType": "heading",
                            "elType": "widget"
                        },
                        {
                            "id": "5c7a100f",
                            "settings": {
                                "title": "Our Services",
                                "align": "center",
                                "typography_font_family": "UnifrakturMaguntia",
                                "typography_font_size": {
                                    "unit": "px",
                                    "size": 50,
                                    "sizes": []
                                },
                                "typography_font_size_mobile": {
                                    "unit": "px",
                                    "size": 32,
                                    "sizes": []
                                },
                                "__globals__": {
                                    "title_color": "globals\/colors?id=ca2f424"
                                }
                            },
                            "elements": [],
                            "isInner": false,
                            "widgetType": "heading",
                            "elType": "widget"
                        },
                        {
                            "id": "56f878a1",
                            "settings": {
                                "structure": "30"
                            },
                            "elements": [
                                {
                                    "id": "6da52d7f",
                                    "settings": {
                                        "_column_size": 33,
                                        "_inline_size": null,
                                        "_inline_size_tablet": 50,
                                        "background_background": "classic",
                                        "margin": {
                                            "unit": "px",
                                            "top": "15",
                                            "right": "15",
                                            "bottom": "15",
                                            "left": "15",
                                            "isLinked": true
                                        },
                                        "padding": {
                                            "unit": "em",
                                            "top": "2",
                                            "right": "2",
                                            "bottom": "2",
                                            "left": "2",
                                            "isLinked": true
                                        },
                                        "__globals__": {
                                            "background_color": "globals\/colors?id=ca2f424"
                                        }
                                    },
                                    "elements": [
                                        {
                                            "id": "303b427",
                                            "settings": {
                                                "selected_icon": {
                                                    "value": "icon icon-diamond",
                                                    "library": "ekiticons"
                                                },
                                                "title_text": "Tattoo Design",
                                                "description_text": "Lorem ipsum dolor sit amet, consectetur adipiscing elit. Ut elit tellus, luctus nec ullamcorper mattis, pulvinar dapibus leo.",
                                                "title_bottom_space": {
                                                    "unit": "px",
                                                    "size": 12,
                                                    "sizes": []
                                                },
                                                "__globals__": {
                                                    "primary_color": "globals\/colors?id=8c71d72",
                                                    "title_color": "globals\/colors?id=8165548",
                                                    "description_color": "globals\/colors?id=4c4b4e8",
                                                    "description_typography_typography": "globals\/typography?id=text",
                                                    "title_typography_typography": "globals\/typography?id=af847b6"
                                                },
                                                "primary_color": "#AE8959",
                                                "title_color": "#FFFFFF",
                                                "description_typography_font_family": "Barlow",
                                                "description_typography_font_size": {
                                                    "unit": "px",
                                                    "size": 16,
                                                    "sizes": []
                                                },
                                                "description_typography_font_weight": "500"
                                            },
                                            "elements": [],
                                            "isInner": false,
                                            "widgetType": "icon-box",
                                            "elType": "widget"
                                        },
                                        {
                                            "id": "514b0d20",
                                            "settings": {
                                                "text": "Read More",
                                                "align": "center",
                                                "size": "md",
                                                "typography_font_family": "Oswald",
                                                "typography_font_size": {
                                                    "unit": "px",
                                                    "size": 18,
                                                    "sizes": []
                                                },
                                                "typography_font_weight": "600",
                                                "typography_text_transform": "uppercase",
                                                "hover_color": "#FFFFFF",
                                                "hover_animation": "float",
                                                "border_radius": {
                                                    "unit": "px",
                                                    "top": "0",
                                                    "right": "0",
                                                    "bottom": "0",
                                                    "left": "0",
                                                    "isLinked": true
                                                },
                                                "__globals__": {
                                                    "button_text_color": "globals\/colors?id=8c71d72",
                                                    "background_color": "globals\/colors?id=e301ec0"
                                                }
                                            },
                                            "elements": [],
                                            "isInner": false,
                                            "widgetType": "button",
                                            "elType": "widget"
                                        }
                                    ],
                                    "isInner": true,
                                    "elType": "column"
                                },
                                {
                                    "id": "7b345cea",
                                    "settings": {
                                        "_column_size": 33,
                                        "_inline_size": null,
                                        "_inline_size_tablet": 50,
                                        "background_background": "classic",
                                        "margin": {
                                            "unit": "px",
                                            "top": "15",
                                            "right": "15",
                                            "bottom": "15",
                                            "left": "15",
                                            "isLinked": true
                                        },
                                        "padding": {
                                            "unit": "em",
                                            "top": "2",
                                            "right": "2",
                                            "bottom": "2",
                                            "left": "2",
                                            "isLinked": true
                                        },
                                        "__globals__": {
                                            "background_color": "globals\/colors?id=ca2f424"
                                        }
                                    },
                                    "elements": [
                                        {
                                            "id": "4e1a3711",
                                            "settings": {
                                                "selected_icon": {
                                                    "value": "fab fa-gripfire",
                                                    "library": "fa-brands"
                                                },
                                                "title_text": "Modern Tattoo",
                                                "description_text": "Lorem ipsum dolor sit amet, consectetur adipiscing elit. Ut elit tellus, luctus nec ullamcorper mattis, pulvinar dapibus leo.",
                                                "primary_color": "#AE8959",
                                                "title_bottom_space": {
                                                    "unit": "px",
                                                    "size": 12,
                                                    "sizes": []
                                                },
                                                "title_color": "#FFFFFF",
                                                "description_typography_font_family": "Barlow",
                                                "description_typography_font_size": {
                                                    "unit": "px",
                                                    "size": 16,
                                                    "sizes": []
                                                },
                                                "description_typography_font_weight": "500",
                                                "__globals__": {
                                                    "description_color": "globals\/colors?id=4c4b4e8",
                                                    "primary_color": "globals\/colors?id=8c71d72",
                                                    "title_color": "globals\/colors?id=8165548",
                                                    "description_typography_typography": "globals\/typography?id=text",
                                                    "title_typography_typography": "globals\/typography?id=af847b6"
                                                }
                                            },
                                            "elements": [],
                                            "isInner": false,
                                            "widgetType": "icon-box",
                                            "elType": "widget"
                                        },
                                        {
                                            "id": "70d58374",
                                            "settings": {
                                                "text": "Read More",
                                                "align": "center",
                                                "size": "md",
                                                "typography_font_family": "Oswald",
                                                "typography_font_size": {
                                                    "unit": "px",
                                                    "size": 18,
                                                    "sizes": []
                                                },
                                                "typography_font_weight": "600",
                                                "typography_text_transform": "uppercase",
                                                "hover_color": "#FFFFFF",
                                                "hover_animation": "float",
                                                "border_radius": {
                                                    "unit": "px",
                                                    "top": "0",
                                                    "right": "0",
                                                    "bottom": "0",
                                                    "left": "0",
                                                    "isLinked": true
                                                },
                                                "__globals__": {
                                                    "button_text_color": "globals\/colors?id=8c71d72",
                                                    "background_color": "globals\/colors?id=e301ec0"
                                                }
                                            },
                                            "elements": [],
                                            "isInner": false,
                                            "widgetType": "button",
                                            "elType": "widget"
                                        }
                                    ],
                                    "isInner": true,
                                    "elType": "column"
                                },
                                {
                                    "id": "3c4a5167",
                                    "settings": {
                                        "_column_size": 33,
                                        "_inline_size": null,
                                        "_inline_size_tablet": 50,
                                        "background_background": "classic",
                                        "margin": {
                                            "unit": "px",
                                            "top": "15",
                                            "right": "15",
                                            "bottom": "15",
                                            "left": "15",
                                            "isLinked": true
                                        },
                                        "padding": {
                                            "unit": "em",
                                            "top": "2",
                                            "right": "2",
                                            "bottom": "2",
                                            "left": "2",
                                            "isLinked": true
                                        },
                                        "__globals__": {
                                            "background_color": "globals\/colors?id=ca2f424"
                                        }
                                    },
                                    "elements": [
                                        {
                                            "id": "5c283614",
                                            "settings": {
                                                "selected_icon": {
                                                    "value": "icon icon-hand_shake",
                                                    "library": "ekiticons"
                                                },
                                                "title_text": "Tribal Tattoo",
                                                "description_text": "Lorem ipsum dolor sit amet, consectetur adipiscing elit. Ut elit tellus, luctus nec ullamcorper mattis, pulvinar dapibus leo.",
                                                "primary_color": "#AE8959",
                                                "title_bottom_space": {
                                                    "unit": "px",
                                                    "size": 12,
                                                    "sizes": []
                                                },
                                                "title_color": "#FFFFFF",
                                                "description_typography_font_family": "Barlow",
                                                "description_typography_font_size": {
                                                    "unit": "px",
                                                    "size": 16,
                                                    "sizes": []
                                                },
                                                "description_typography_font_weight": "500",
                                                "__globals__": {
                                                    "description_color": "globals\/colors?id=4c4b4e8",
                                                    "primary_color": "globals\/colors?id=8c71d72",
                                                    "title_color": "globals\/colors?id=8165548",
                                                    "description_typography_typography": "globals\/typography?id=text",
                                                    "title_typography_typography": "globals\/typography?id=af847b6"
                                                }
                                            },
                                            "elements": [],
                                            "isInner": false,
                                            "widgetType": "icon-box",
                                            "elType": "widget"
                                        },
                                        {
                                            "id": "62a524fa",
                                            "settings": {
                                                "text": "Read More",
                                                "align": "center",
                                                "size": "md",
                                                "typography_font_family": "Oswald",
                                                "typography_font_size": {
                                                    "unit": "px",
                                                    "size": 18,
                                                    "sizes": []
                                                },
                                                "typography_font_weight": "600",
                                                "typography_text_transform": "uppercase",
                                                "hover_color": "#FFFFFF",
                                                "hover_animation": "float",
                                                "border_radius": {
                                                    "unit": "px",
                                                    "top": "0",
                                                    "right": "0",
                                                    "bottom": "0",
                                                    "left": "0",
                                                    "isLinked": true
                                                },
                                                "__globals__": {
                                                    "button_text_color": "globals\/colors?id=8c71d72",
                                                    "background_color": "globals\/colors?id=e301ec0"
                                                }
                                            },
                                            "elements": [],
                                            "isInner": false,
                                            "widgetType": "button",
                                            "elType": "widget"
                                        }
                                    ],
                                    "isInner": true,
                                    "elType": "column"
                                }
                            ],
                            "isInner": true,
                            "elType": "section"
                        },
                        {
                            "id": "4963a5f8",
                            "settings": {
                                "structure": "30"
                            },
                            "elements": [
                                {
                                    "id": "1166a647",
                                    "settings": {
                                        "_column_size": 33,
                                        "_inline_size": null,
                                        "_inline_size_tablet": 50,
                                        "background_background": "classic",
                                        "margin": {
                                            "unit": "px",
                                            "top": "15",
                                            "right": "15",
                                            "bottom": "15",
                                            "left": "15",
                                            "isLinked": true
                                        },
                                        "padding": {
                                            "unit": "em",
                                            "top": "2",
                                            "right": "2",
                                            "bottom": "2",
                                            "left": "2",
                                            "isLinked": true
                                        },
                                        "__globals__": {
                                            "background_color": "globals\/colors?id=ca2f424"
                                        }
                                    },
                                    "elements": [
                                        {
                                            "id": "25038129",
                                            "settings": {
                                                "selected_icon": {
                                                    "value": "icon icon-share",
                                                    "library": "ekiticons"
                                                },
                                                "title_text": "Piercing",
                                                "description_text": "Lorem ipsum dolor sit amet, consectetur adipiscing elit. Ut elit tellus, luctus nec ullamcorper mattis, pulvinar dapibus leo.",
                                                "primary_color": "#AE8959",
                                                "title_bottom_space": {
                                                    "unit": "px",
                                                    "size": 12,
                                                    "sizes": []
                                                },
                                                "title_color": "#FFFFFF",
                                                "description_typography_font_family": "Barlow",
                                                "description_typography_font_size": {
                                                    "unit": "px",
                                                    "size": 16,
                                                    "sizes": []
                                                },
                                                "description_typography_font_weight": "500",
                                                "__globals__": {
                                                    "description_color": "globals\/colors?id=4c4b4e8",
                                                    "primary_color": "globals\/colors?id=8c71d72",
                                                    "title_color": "globals\/colors?id=8165548",
                                                    "description_typography_typography": "globals\/typography?id=text",
                                                    "title_typography_typography": "globals\/typography?id=af847b6"
                                                }
                                            },
                                            "elements": [],
                                            "isInner": false,
                                            "widgetType": "icon-box",
                                            "elType": "widget"
                                        },
                                        {
                                            "id": "653ab0c2",
                                            "settings": {
                                                "text": "Read More",
                                                "align": "center",
                                                "size": "md",
                                                "typography_font_family": "Oswald",
                                                "typography_font_size": {
                                                    "unit": "px",
                                                    "size": 18,
                                                    "sizes": []
                                                },
                                                "typography_font_weight": "600",
                                                "typography_text_transform": "uppercase",
                                                "hover_color": "#FFFFFF",
                                                "hover_animation": "float",
                                                "border_radius": {
                                                    "unit": "px",
                                                    "top": "0",
                                                    "right": "0",
                                                    "bottom": "0",
                                                    "left": "0",
                                                    "isLinked": true
                                                },
                                                "__globals__": {
                                                    "button_text_color": "globals\/colors?id=8c71d72",
                                                    "background_color": "globals\/colors?id=e301ec0"
                                                }
                                            },
                                            "elements": [],
                                            "isInner": false,
                                            "widgetType": "button",
                                            "elType": "widget"
                                        }
                                    ],
                                    "isInner": true,
                                    "elType": "column"
                                },
                                {
                                    "id": "6bce5b1e",
                                    "settings": {
                                        "_column_size": 33,
                                        "_inline_size": null,
                                        "_inline_size_tablet": 50,
                                        "background_background": "classic",
                                        "margin": {
                                            "unit": "px",
                                            "top": "15",
                                            "right": "15",
                                            "bottom": "15",
                                            "left": "15",
                                            "isLinked": true
                                        },
                                        "padding": {
                                            "unit": "em",
                                            "top": "2",
                                            "right": "2",
                                            "bottom": "2",
                                            "left": "2",
                                            "isLinked": true
                                        },
                                        "__globals__": {
                                            "background_color": "globals\/colors?id=ca2f424"
                                        }
                                    },
                                    "elements": [
                                        {
                                            "id": "76f8b671",
                                            "settings": {
                                                "selected_icon": {
                                                    "value": "icon icon-Leaf",
                                                    "library": "ekiticons"
                                                },
                                                "title_text": "Henna",
                                                "description_text": "Lorem ipsum dolor sit amet, consectetur adipiscing elit. Ut elit tellus, luctus nec ullamcorper mattis, pulvinar dapibus leo.",
                                                "primary_color": "#AE8959",
                                                "title_bottom_space": {
                                                    "unit": "px",
                                                    "size": 12,
                                                    "sizes": []
                                                },
                                                "title_color": "#FFFFFF",
                                                "description_typography_font_family": "Barlow",
                                                "description_typography_font_size": {
                                                    "unit": "px",
                                                    "size": 16,
                                                    "sizes": []
                                                },
                                                "description_typography_font_weight": "500",
                                                "__globals__": {
                                                    "description_color": "globals\/colors?id=4c4b4e8",
                                                    "primary_color": "globals\/colors?id=8c71d72",
                                                    "title_color": "globals\/colors?id=8165548",
                                                    "description_typography_typography": "globals\/typography?id=text",
                                                    "title_typography_typography": "globals\/typography?id=af847b6"
                                                }
                                            },
                                            "elements": [],
                                            "isInner": false,
                                            "widgetType": "icon-box",
                                            "elType": "widget"
                                        },
                                        {
                                            "id": "372f391",
                                            "settings": {
                                                "text": "Read More",
                                                "align": "center",
                                                "size": "md",
                                                "typography_font_family": "Oswald",
                                                "typography_font_size": {
                                                    "unit": "px",
                                                    "size": 18,
                                                    "sizes": []
                                                },
                                                "typography_font_weight": "600",
                                                "typography_text_transform": "uppercase",
                                                "hover_color": "#FFFFFF",
                                                "hover_animation": "float",
                                                "border_radius": {
                                                    "unit": "px",
                                                    "top": "0",
                                                    "right": "0",
                                                    "bottom": "0",
                                                    "left": "0",
                                                    "isLinked": true
                                                },
                                                "__globals__": {
                                                    "button_text_color": "globals\/colors?id=8c71d72",
                                                    "background_color": "globals\/colors?id=e301ec0"
                                                }
                                            },
                                            "elements": [],
                                            "isInner": false,
                                            "widgetType": "button",
                                            "elType": "widget"
                                        }
                                    ],
                                    "isInner": true,
                                    "elType": "column"
                                },
                                {
                                    "id": "5ea41910",
                                    "settings": {
                                        "_column_size": 33,
                                        "_inline_size": null,
                                        "_inline_size_tablet": 50,
                                        "background_background": "classic",
                                        "margin": {
                                            "unit": "px",
                                            "top": "15",
                                            "right": "15",
                                            "bottom": "15",
                                            "left": "15",
                                            "isLinked": true
                                        },
                                        "padding": {
                                            "unit": "em",
                                            "top": "2",
                                            "right": "2",
                                            "bottom": "2",
                                            "left": "2",
                                            "isLinked": true
                                        },
                                        "__globals__": {
                                            "background_color": "globals\/colors?id=ca2f424"
                                        }
                                    },
                                    "elements": [
                                        {
                                            "id": "1a831ae3",
                                            "settings": {
                                                "selected_icon": {
                                                    "value": "icon icon-dentist",
                                                    "library": "ekiticons"
                                                },
                                                "title_text": "Tattoo Remove",
                                                "description_text": "Lorem ipsum dolor sit amet, consectetur adipiscing elit. Ut elit tellus, luctus nec ullamcorper mattis, pulvinar dapibus leo.",
                                                "primary_color": "#AE8959",
                                                "title_bottom_space": {
                                                    "unit": "px",
                                                    "size": 12,
                                                    "sizes": []
                                                },
                                                "title_color": "#FFFFFF",
                                                "description_typography_font_family": "Barlow",
                                                "description_typography_font_size": {
                                                    "unit": "px",
                                                    "size": 16,
                                                    "sizes": []
                                                },
                                                "description_typography_font_weight": "500",
                                                "__globals__": {
                                                    "description_color": "globals\/colors?id=4c4b4e8",
                                                    "primary_color": "globals\/colors?id=8c71d72",
                                                    "title_color": "globals\/colors?id=8165548",
                                                    "description_typography_typography": "globals\/typography?id=text",
                                                    "title_typography_typography": "globals\/typography?id=af847b6"
                                                }
                                            },
                                            "elements": [],
                                            "isInner": false,
                                            "widgetType": "icon-box",
                                            "elType": "widget"
                                        },
                                        {
                                            "id": "233ca671",
                                            "settings": {
                                                "text": "Read More",
                                                "align": "center",
                                                "size": "md",
                                                "typography_font_family": "Oswald",
                                                "typography_font_size": {
                                                    "unit": "px",
                                                    "size": 18,
                                                    "sizes": []
                                                },
                                                "typography_font_weight": "600",
                                                "typography_text_transform": "uppercase",
                                                "hover_color": "#FFFFFF",
                                                "hover_animation": "float",
                                                "border_radius": {
                                                    "unit": "px",
                                                    "top": "0",
                                                    "right": "0",
                                                    "bottom": "0",
                                                    "left": "0",
                                                    "isLinked": true
                                                },
                                                "__globals__": {
                                                    "button_text_color": "globals\/colors?id=8c71d72",
                                                    "background_color": "globals\/colors?id=e301ec0"
                                                }
                                            },
                                            "elements": [],
                                            "isInner": false,
                                            "widgetType": "button",
                                            "elType": "widget"
                                        }
                                    ],
                                    "isInner": true,
                                    "elType": "column"
                                }
                            ],
                            "isInner": true,
                            "elType": "section"
                        }
                    ],
                    "isInner": false,
                    "elType": "column"
                }
            ],
            "isInner": false,
            "elType": "section"
        }
    ]
}