{
    "version": "0.4",
    "title": "Single Project 1",
    "type": "page",
    "metadata": {
        "template_type": "single-page",
        "include_in_zip": "1",
        "elementor_pro_required": null,
        "wp_page_template": "elementor_header_footer"
    },
    "content": [
        {
            "id": "5abc6796",
            "settings": {
                "content_width": {
                    "unit": "px",
                    "size": 800,
                    "sizes": []
                },
                "background_background": "classic",
                "background_slideshow_ken_burns": "yes",
                "background_overlay_background": "classic",
                "background_overlay_color": "#000000",
                "padding": {
                    "unit": "em",
                    "top": "7",
                    "right": "1",
                    "bottom": "7",
                    "left": "1",
                    "isLinked": false
                },
                "padding_mobile": {
                    "unit": "em",
                    "top": "7",
                    "right": "1",
                    "bottom": "7",
                    "left": "1",
                    "isLinked": false
                },
                "background_color": "#0F0F0F",
                "background_image": {
                    "id": 40,
                    "url": "http:\/\/templatekit.krakenbox.net\/blankink\/wp-content\/uploads\/sites\/4\/2020\/10\/s4.jpg"
                },
                "background_position": "center center",
                "background_size": "cover"
            },
            "elements": [
                {
                    "id": "73e1fb26",
                    "settings": {
                        "_column_size": 100,
                        "_inline_size": null,
                        "padding": {
                            "unit": "em",
                            "top": "1",
                            "right": "1",
                            "bottom": "1",
                            "left": "1",
                            "isLinked": true
                        }
                    },
                    "elements": [
                        {
                            "id": "47bfbeba",
                            "settings": {
                                "title": "Single Project",
                                "header_size": "h3",
                                "align": "center",
                                "typography_font_family": "Oswald",
                                "typography_font_size": {
                                    "unit": "px",
                                    "size": 20,
                                    "sizes": []
                                },
                                "typography_font_size_mobile": {
                                    "unit": "px",
                                    "size": 18,
                                    "sizes": []
                                },
                                "typography_text_transform": "uppercase",
                                "__globals__": {
                                    "title_color": "globals\/colors?id=8c71d72"
                                }
                            },
                            "elements": [],
                            "isInner": false,
                            "widgetType": "heading",
                            "elType": "widget"
                        },
                        {
                            "id": "454cba38",
                            "settings": {
                                "title": "Our Portfolio",
                                "align": "center",
                                "typography_font_family": "UnifrakturMaguntia",
                                "typography_font_size": {
                                    "unit": "px",
                                    "size": 80,
                                    "sizes": []
                                },
                                "text_shadow_text_shadow_type": "yes",
                                "typography_font_size_tablet": {
                                    "unit": "px",
                                    "size": 60,
                                    "sizes": []
                                },
                                "typography_font_size_mobile": {
                                    "unit": "px",
                                    "size": 48,
                                    "sizes": []
                                },
                                "header_size": "h1",
                                "__globals__": {
                                    "title_color": "globals\/colors?id=8165548"
                                }
                            },
                            "elements": [],
                            "isInner": false,
                            "widgetType": "heading",
                            "elType": "widget"
                        },
                        {
                            "id": "707635e0",
                            "settings": {
                                "align": "center",
                                "typography_font_family": "Barlow",
                                "typography_font_size": {
                                    "unit": "px",
                                    "size": 18,
                                    "sizes": []
                                },
                                "typography_font_size_mobile": {
                                    "unit": "px",
                                    "size": 16,
                                    "sizes": []
                                },
                                "__globals__": {
                                    "text_color": "globals\/colors?id=8165548"
                                }
                            },
                            "elements": [],
                            "isInner": false,
                            "widgetType": "text-editor",
                            "elType": "widget"
                        }
                    ],
                    "isInner": false,
                    "elType": "column"
                }
            ],
            "isInner": false,
            "elType": "section"
        },
        {
            "id": "5f2a82ec",
            "settings": {
                "background_color": "#0F0F0F",
                "background_image": {
                    "id": "",
                    "url": "http:\/\/templatekit.krakenbox.net\/blankink\/wp-content\/plugins\/elementor\/assets\/images\/placeholder.png"
                },
                "background_position": "center center",
                "background_size": "cover",
                "background_overlay_color": "#0F0F0F",
                "background_overlay_opacity": {
                    "unit": "px",
                    "size": 0.92000000000000003996802888650563545525074005126953125,
                    "sizes": []
                },
                "overlay_blend_mode": "multiply",
                "padding": {
                    "unit": "em",
                    "top": "7",
                    "right": "1",
                    "bottom": "7",
                    "left": "1",
                    "isLinked": false
                }
            },
            "elements": [
                {
                    "id": "5f305425",
                    "settings": {
                        "_column_size": 100,
                        "_inline_size": null,
                        "padding": {
                            "unit": "em",
                            "top": "1",
                            "right": "1",
                            "bottom": "1",
                            "left": "1",
                            "isLinked": true
                        },
                        "padding_mobile": {
                            "unit": "em",
                            "top": "0",
                            "right": "0",
                            "bottom": "0",
                            "left": "0",
                            "isLinked": true
                        }
                    },
                    "elements": [
                        {
                            "id": "4383b4a9",
                            "settings": {
                                "title": "Our Project",
                                "header_size": "h3",
                                "align": "center",
                                "typography_font_family": "Oswald",
                                "typography_font_size": {
                                    "unit": "px",
                                    "size": 28,
                                    "sizes": []
                                },
                                "typography_font_size_mobile": {
                                    "unit": "px",
                                    "size": 16,
                                    "sizes": []
                                },
                                "typography_text_transform": "uppercase",
                                "__globals__": {
                                    "title_color": "globals\/colors?id=8c71d72"
                                }
                            },
                            "elements": [],
                            "isInner": false,
                            "widgetType": "heading",
                            "elType": "widget"
                        },
                        {
                            "id": "45396b33",
                            "settings": {
                                "title": "Tribal Tattoo",
                                "align": "center",
                                "typography_font_family": "UnifrakturMaguntia",
                                "typography_font_size": {
                                    "unit": "px",
                                    "size": 50,
                                    "sizes": []
                                },
                                "typography_font_size_mobile": {
                                    "unit": "px",
                                    "size": 32,
                                    "sizes": []
                                },
                                "__globals__": {
                                    "title_color": "globals\/colors?id=ca2f424"
                                }
                            },
                            "elements": [],
                            "isInner": false,
                            "widgetType": "heading",
                            "elType": "widget"
                        },
                        {
                            "id": "79eb2888",
                            "settings": {
                                "carousel": [
                                    {
                                        "id": 40,
                                        "url": "http:\/\/templatekit.krakenbox.net\/blankink\/wp-content\/uploads\/sites\/4\/2020\/10\/s4.jpg"
                                    },
                                    {
                                        "id": 51,
                                        "url": "http:\/\/templatekit.krakenbox.net\/blankink\/wp-content\/uploads\/sites\/4\/2020\/10\/s14.jpg"
                                    },
                                    {
                                        "id": 50,
                                        "url": "http:\/\/templatekit.krakenbox.net\/blankink\/wp-content\/uploads\/sites\/4\/2020\/10\/s13.jpg"
                                    }
                                ],
                                "thumbnail_size": "custom",
                                "thumbnail_custom_dimension": {
                                    "width": "400",
                                    "height": "600"
                                },
                                "navigation": "none"
                            },
                            "elements": [],
                            "isInner": false,
                            "widgetType": "image-carousel",
                            "elType": "widget"
                        },
                        {
                            "id": "38398ba6",
                            "settings": {
                                "structure": "20"
                            },
                            "elements": [
                                {
                                    "id": "7f43075d",
                                    "settings": {
                                        "_column_size": 50,
                                        "_inline_size": 70,
                                        "padding": {
                                            "unit": "em",
                                            "top": "1",
                                            "right": "1",
                                            "bottom": "1",
                                            "left": "1",
                                            "isLinked": true
                                        }
                                    },
                                    "elements": [
                                        {
                                            "id": "261973ae",
                                            "settings": {
                                                "title": "Product Project",
                                                "header_size": "h3",
                                                "align": "left",
                                                "typography_font_family": "Oswald",
                                                "typography_font_size": {
                                                    "unit": "px",
                                                    "size": 28,
                                                    "sizes": []
                                                },
                                                "typography_font_size_mobile": {
                                                    "unit": "px",
                                                    "size": 16,
                                                    "sizes": []
                                                },
                                                "typography_text_transform": "uppercase",
                                                "__globals__": {
                                                    "title_color": "globals\/colors?id=8c71d72"
                                                }
                                            },
                                            "elements": [],
                                            "isInner": false,
                                            "widgetType": "heading",
                                            "elType": "widget"
                                        },
                                        {
                                            "id": "2630f7f2",
                                            "settings": {
                                                "align": "left",
                                                "typography_font_family": "Barlow",
                                                "typography_font_size": {
                                                    "unit": "px",
                                                    "size": 16,
                                                    "sizes": []
                                                },
                                                "typography_font_size_mobile": {
                                                    "unit": "px",
                                                    "size": 16,
                                                    "sizes": []
                                                },
                                                "editor": "<p>Lorem ipsum dolor sit amet, consectetur adipiscing elit, sed do eiusmod tempor incididunt ut labore et dolore magna aliqua. Orci sagittis eu volutpat odio. A condimentum vitae sapien pellentesque habitant. In nulla posuere sollicitudin aliquam ultrices sagittis orci a. Ipsum consequat nisl vel pretium lectus quam id leo in. Facilisis mauris sit amet massa. Fusce ut placerat orci nulla pellentesque dignissim enim. Justo laoreet sit amet cursus sit. Fermentum leo vel orci porta non pulvinar neque laoreet. <\/p><p>Risus commodo viverra maecenas accumsan lacus vel facilisis. Feugiat in fermentum posuere urna nec tincidunt. Lectus urna duis convallis convallis tellus id. Iaculis urna id volutpat lacus laoreet non. Malesuada bibendum arcu vitae elementum.<\/p>",
                                                "__globals__": {
                                                    "text_color": "globals\/colors?id=text"
                                                }
                                            },
                                            "elements": [],
                                            "isInner": false,
                                            "widgetType": "text-editor",
                                            "elType": "widget"
                                        }
                                    ],
                                    "isInner": true,
                                    "elType": "column"
                                },
                                {
                                    "id": "2d39b59f",
                                    "settings": {
                                        "_column_size": 50,
                                        "_inline_size": 30,
                                        "padding": {
                                            "unit": "em",
                                            "top": "1",
                                            "right": "1",
                                            "bottom": "1",
                                            "left": "1",
                                            "isLinked": true
                                        }
                                    },
                                    "elements": [
                                        {
                                            "id": "47e9254d",
                                            "settings": {
                                                "space": {
                                                    "unit": "px",
                                                    "size": 30,
                                                    "sizes": []
                                                }
                                            },
                                            "elements": [],
                                            "isInner": false,
                                            "widgetType": "spacer",
                                            "elType": "widget"
                                        },
                                        {
                                            "id": "5e1c19d8",
                                            "settings": {
                                                "align": "left",
                                                "typography_font_family": "Barlow",
                                                "typography_font_size": {
                                                    "unit": "px",
                                                    "size": 16,
                                                    "sizes": []
                                                },
                                                "typography_font_size_mobile": {
                                                    "unit": "px",
                                                    "size": 16,
                                                    "sizes": []
                                                },
                                                "editor": "<p><strong>Category :<\/strong> Tribal Tattoo<\/p><p><strong>Artist :<\/strong> Joen Doel<\/p><p><strong>Date :<\/strong> 10 June 2020<\/p><p><strong>Client :<\/strong> Harris Joe<\/p>",
                                                "typography_line_height": {
                                                    "unit": "em",
                                                    "size": 0.8000000000000000444089209850062616169452667236328125,
                                                    "sizes": []
                                                },
                                                "__globals__": {
                                                    "text_color": "globals\/colors?id=7d4eab6"
                                                }
                                            },
                                            "elements": [],
                                            "isInner": false,
                                            "widgetType": "text-editor",
                                            "elType": "widget"
                                        }
                                    ],
                                    "isInner": true,
                                    "elType": "column"
                                }
                            ],
                            "isInner": true,
                            "elType": "section"
                        }
                    ],
                    "isInner": false,
                    "elType": "column"
                }
            ],
            "isInner": false,
            "elType": "section"
        }
    ]
}