{
    "version": "0.4",
    "title": "Testimonials",
    "type": "page",
    "metadata": {
        "template_type": "single-page",
        "include_in_zip": "1",
        "elementor_pro_required": null,
        "wp_page_template": "elementor_header_footer"
    },
    "content": [
        {
            "id": "7b9ce437",
            "settings": {
                "content_width": {
                    "unit": "px",
                    "size": 800,
                    "sizes": []
                },
                "background_background": "classic",
                "background_slideshow_ken_burns": "yes",
                "background_overlay_background": "classic",
                "background_overlay_color": "#000000",
                "padding": {
                    "unit": "em",
                    "top": "7",
                    "right": "1",
                    "bottom": "7",
                    "left": "1",
                    "isLinked": false
                },
                "padding_mobile": {
                    "unit": "em",
                    "top": "7",
                    "right": "1",
                    "bottom": "7",
                    "left": "1",
                    "isLinked": false
                },
                "background_image": {
                    "id": 40,
                    "url": "http:\/\/templatekit.krakenbox.net\/blankink\/wp-content\/uploads\/sites\/4\/2020\/10\/s4.jpg"
                },
                "background_position": "center center",
                "background_size": "cover",
                "__globals__": {
                    "background_color": "globals\/colors?id=d3dee9f"
                }
            },
            "elements": [
                {
                    "id": "16834ad5",
                    "settings": {
                        "_column_size": 100,
                        "_inline_size": null,
                        "padding": {
                            "unit": "em",
                            "top": "1",
                            "right": "1",
                            "bottom": "1",
                            "left": "1",
                            "isLinked": true
                        }
                    },
                    "elements": [
                        {
                            "id": "4fe1305d",
                            "settings": {
                                "title": "Testimonials",
                                "header_size": "h3",
                                "align": "center",
                                "typography_font_family": "Oswald",
                                "typography_font_size": {
                                    "unit": "px",
                                    "size": 20,
                                    "sizes": []
                                },
                                "typography_font_size_mobile": {
                                    "unit": "px",
                                    "size": 18,
                                    "sizes": []
                                },
                                "typography_text_transform": "uppercase",
                                "__globals__": {
                                    "title_color": "globals\/colors?id=8c71d72"
                                }
                            },
                            "elements": [],
                            "isInner": false,
                            "widgetType": "heading",
                            "elType": "widget"
                        },
                        {
                            "id": "15a86507",
                            "settings": {
                                "title": "What They Says",
                                "align": "center",
                                "typography_font_family": "UnifrakturMaguntia",
                                "typography_font_size": {
                                    "unit": "px",
                                    "size": 80,
                                    "sizes": []
                                },
                                "text_shadow_text_shadow_type": "yes",
                                "typography_font_size_tablet": {
                                    "unit": "px",
                                    "size": 60,
                                    "sizes": []
                                },
                                "typography_font_size_mobile": {
                                    "unit": "px",
                                    "size": 48,
                                    "sizes": []
                                },
                                "header_size": "h1",
                                "__globals__": {
                                    "title_color": "globals\/colors?id=8165548"
                                }
                            },
                            "elements": [],
                            "isInner": false,
                            "widgetType": "heading",
                            "elType": "widget"
                        },
                        {
                            "id": "7eed842c",
                            "settings": {
                                "align": "center",
                                "typography_font_family": "Barlow",
                                "typography_font_size": {
                                    "unit": "px",
                                    "size": 18,
                                    "sizes": []
                                },
                                "typography_font_size_mobile": {
                                    "unit": "px",
                                    "size": 16,
                                    "sizes": []
                                },
                                "__globals__": {
                                    "text_color": "globals\/colors?id=8165548"
                                }
                            },
                            "elements": [],
                            "isInner": false,
                            "widgetType": "text-editor",
                            "elType": "widget"
                        }
                    ],
                    "isInner": false,
                    "elType": "column"
                }
            ],
            "isInner": false,
            "elType": "section"
        },
        {
            "id": "7c279931",
            "settings": {
                "background_background": "classic",
                "padding": {
                    "unit": "em",
                    "top": "7",
                    "right": "1",
                    "bottom": "7",
                    "left": "1",
                    "isLinked": false
                },
                "__globals__": {
                    "background_color": "globals\/colors?id=8165548"
                }
            },
            "elements": [
                {
                    "id": "6ffae6b0",
                    "settings": {
                        "_column_size": 100,
                        "_inline_size": null,
                        "padding": {
                            "unit": "em",
                            "top": "1",
                            "right": "1",
                            "bottom": "1",
                            "left": "1",
                            "isLinked": true
                        }
                    },
                    "elements": [
                        {
                            "id": "5e2069fa",
                            "settings": {
                                "title": "Testimonials",
                                "header_size": "h3",
                                "align": "center",
                                "typography_font_family": "Oswald",
                                "typography_font_size": {
                                    "unit": "px",
                                    "size": 28,
                                    "sizes": []
                                },
                                "typography_font_size_mobile": {
                                    "unit": "px",
                                    "size": 16,
                                    "sizes": []
                                },
                                "typography_text_transform": "uppercase",
                                "__globals__": {
                                    "title_color": "globals\/colors?id=8c71d72"
                                }
                            },
                            "elements": [],
                            "isInner": false,
                            "widgetType": "heading",
                            "elType": "widget"
                        },
                        {
                            "id": "1b5823a",
                            "settings": {
                                "title": "What Our Clients Say",
                                "align": "center",
                                "typography_font_family": "UnifrakturMaguntia",
                                "typography_font_size": {
                                    "unit": "px",
                                    "size": 50,
                                    "sizes": []
                                },
                                "typography_font_size_mobile": {
                                    "unit": "px",
                                    "size": 32,
                                    "sizes": []
                                },
                                "__globals__": {
                                    "title_color": "globals\/colors?id=ca2f424"
                                }
                            },
                            "elements": [],
                            "isInner": false,
                            "widgetType": "heading",
                            "elType": "widget"
                        },
                        {
                            "id": "3ec2aff7",
                            "settings": {
                                "space": {
                                    "unit": "px",
                                    "size": 30,
                                    "sizes": []
                                }
                            },
                            "elements": [],
                            "isInner": false,
                            "widgetType": "spacer",
                            "elType": "widget"
                        },
                        {
                            "id": "238b2838",
                            "settings": {
                                "structure": "30"
                            },
                            "elements": [
                                {
                                    "id": "5eba63cd",
                                    "settings": {
                                        "_column_size": 33,
                                        "_inline_size": null,
                                        "_inline_size_tablet": 100,
                                        "padding": {
                                            "unit": "em",
                                            "top": "1",
                                            "right": "1",
                                            "bottom": "1",
                                            "left": "1",
                                            "isLinked": true
                                        }
                                    },
                                    "elements": [
                                        {
                                            "id": "3c053943",
                                            "settings": {
                                                "selected_icon": {
                                                    "value": "icon icon-quote",
                                                    "library": "ekiticons"
                                                },
                                                "align": "left",
                                                "_margin": {
                                                    "unit": "px",
                                                    "top": "-30",
                                                    "right": "-30",
                                                    "bottom": "-30",
                                                    "left": "-30",
                                                    "isLinked": true
                                                },
                                                "__globals__": {
                                                    "primary_color": "globals\/colors?id=8c71d72"
                                                }
                                            },
                                            "elements": [],
                                            "isInner": false,
                                            "widgetType": "icon",
                                            "elType": "widget"
                                        },
                                        {
                                            "id": "592fb58c",
                                            "settings": {
                                                "testimonial_content": "Lorem ipsum dolor sit amet, consectetur adipiscing elit. Ut elit tellus, luctus nec ullamcorper mattis, pulvinar dapibus leo.",
                                                "testimonial_image": {
                                                    "id": 47,
                                                    "url": "http:\/\/templatekit.krakenbox.net\/blankink\/wp-content\/uploads\/sites\/4\/2020\/10\/s10.jpg"
                                                },
                                                "testimonial_name": "John Doe",
                                                "testimonial_job": "Designer",
                                                "testimonial_alignment": "left",
                                                "content_typography_font_family": "Barlow",
                                                "content_typography_font_weight": "400",
                                                "content_typography_font_style": "italic",
                                                "content_typography_font_size": {
                                                    "unit": "rem",
                                                    "size": 1.5,
                                                    "sizes": []
                                                },
                                                "content_typography_font_size_tablet": {
                                                    "unit": "rem",
                                                    "size": "",
                                                    "sizes": []
                                                },
                                                "content_typography_font_size_mobile": {
                                                    "unit": "rem",
                                                    "size": "",
                                                    "sizes": []
                                                },
                                                "__globals__": {
                                                    "name_typography_typography": "globals\/typography?id=d80bb58",
                                                    "job_typography_typography": "globals\/typography?id=12f91e5",
                                                    "content_content_color": "globals\/colors?id=text",
                                                    "name_text_color": "globals\/colors?id=8c71d72",
                                                    "job_text_color": "globals\/colors?id=text"
                                                }
                                            },
                                            "elements": [],
                                            "isInner": false,
                                            "widgetType": "testimonial",
                                            "elType": "widget"
                                        },
                                        {
                                            "id": "32a628ed",
                                            "settings": [],
                                            "elements": [],
                                            "isInner": false,
                                            "widgetType": "spacer",
                                            "elType": "widget"
                                        }
                                    ],
                                    "isInner": true,
                                    "elType": "column"
                                },
                                {
                                    "id": "60f2cad6",
                                    "settings": {
                                        "_column_size": 33,
                                        "_inline_size": null,
                                        "_inline_size_tablet": 100,
                                        "padding": {
                                            "unit": "em",
                                            "top": "1",
                                            "right": "1",
                                            "bottom": "1",
                                            "left": "1",
                                            "isLinked": true
                                        }
                                    },
                                    "elements": [
                                        {
                                            "id": "57c5b071",
                                            "settings": {
                                                "selected_icon": {
                                                    "value": "icon icon-quote",
                                                    "library": "ekiticons"
                                                },
                                                "align": "left",
                                                "_margin": {
                                                    "unit": "px",
                                                    "top": "-30",
                                                    "right": "-30",
                                                    "bottom": "-30",
                                                    "left": "-30",
                                                    "isLinked": true
                                                },
                                                "__globals__": {
                                                    "primary_color": "globals\/colors?id=8c71d72"
                                                }
                                            },
                                            "elements": [],
                                            "isInner": false,
                                            "widgetType": "icon",
                                            "elType": "widget"
                                        },
                                        {
                                            "id": "2241cd3",
                                            "settings": {
                                                "testimonial_content": "Lorem ipsum dolor sit amet, consectetur adipiscing elit. Ut elit tellus, luctus nec ullamcorper mattis, pulvinar dapibus leo.",
                                                "testimonial_image": {
                                                    "id": 50,
                                                    "url": "http:\/\/templatekit.krakenbox.net\/blankink\/wp-content\/uploads\/sites\/4\/2020\/10\/s13.jpg"
                                                },
                                                "testimonial_name": "Jess Doe",
                                                "testimonial_job": "Business",
                                                "testimonial_alignment": "left",
                                                "content_typography_font_family": "Barlow",
                                                "content_typography_font_weight": "400",
                                                "content_typography_font_style": "italic",
                                                "content_typography_font_size": {
                                                    "unit": "rem",
                                                    "size": 1.5,
                                                    "sizes": []
                                                },
                                                "content_typography_font_size_tablet": {
                                                    "unit": "rem",
                                                    "size": "",
                                                    "sizes": []
                                                },
                                                "content_typography_font_size_mobile": {
                                                    "unit": "rem",
                                                    "size": "",
                                                    "sizes": []
                                                },
                                                "__globals__": {
                                                    "name_typography_typography": "globals\/typography?id=d80bb58",
                                                    "job_typography_typography": "globals\/typography?id=12f91e5",
                                                    "content_content_color": "globals\/colors?id=text",
                                                    "name_text_color": "globals\/colors?id=8c71d72",
                                                    "job_text_color": "globals\/colors?id=text"
                                                }
                                            },
                                            "elements": [],
                                            "isInner": false,
                                            "widgetType": "testimonial",
                                            "elType": "widget"
                                        },
                                        {
                                            "id": "35bf56d8",
                                            "settings": [],
                                            "elements": [],
                                            "isInner": false,
                                            "widgetType": "spacer",
                                            "elType": "widget"
                                        }
                                    ],
                                    "isInner": true,
                                    "elType": "column"
                                },
                                {
                                    "id": "91fc61",
                                    "settings": {
                                        "_column_size": 33,
                                        "_inline_size": null,
                                        "_inline_size_tablet": 100,
                                        "padding": {
                                            "unit": "em",
                                            "top": "1",
                                            "right": "1",
                                            "bottom": "1",
                                            "left": "1",
                                            "isLinked": true
                                        }
                                    },
                                    "elements": [
                                        {
                                            "id": "62585fac",
                                            "settings": {
                                                "selected_icon": {
                                                    "value": "icon icon-quote",
                                                    "library": "ekiticons"
                                                },
                                                "align": "left",
                                                "_margin": {
                                                    "unit": "px",
                                                    "top": "-30",
                                                    "right": "-30",
                                                    "bottom": "-30",
                                                    "left": "-30",
                                                    "isLinked": true
                                                },
                                                "__globals__": {
                                                    "primary_color": "globals\/colors?id=8c71d72"
                                                }
                                            },
                                            "elements": [],
                                            "isInner": false,
                                            "widgetType": "icon",
                                            "elType": "widget"
                                        },
                                        {
                                            "id": "602c9430",
                                            "settings": {
                                                "testimonial_content": "Lorem ipsum dolor sit amet, consectetur adipiscing elit. Ut elit tellus, luctus nec ullamcorper mattis, pulvinar dapibus leo.",
                                                "testimonial_image": {
                                                    "id": 48,
                                                    "url": "http:\/\/templatekit.krakenbox.net\/blankink\/wp-content\/uploads\/sites\/4\/2020\/10\/s11.jpg"
                                                },
                                                "testimonial_name": "Velly Doe",
                                                "testimonial_job": "Artist",
                                                "testimonial_alignment": "left",
                                                "content_typography_font_family": "Barlow",
                                                "content_typography_font_weight": "400",
                                                "content_typography_font_style": "italic",
                                                "content_typography_font_size": {
                                                    "unit": "rem",
                                                    "size": 1.5,
                                                    "sizes": []
                                                },
                                                "content_typography_font_size_tablet": {
                                                    "unit": "rem",
                                                    "size": "",
                                                    "sizes": []
                                                },
                                                "content_typography_font_size_mobile": {
                                                    "unit": "rem",
                                                    "size": "",
                                                    "sizes": []
                                                },
                                                "__globals__": {
                                                    "name_typography_typography": "globals\/typography?id=d80bb58",
                                                    "job_typography_typography": "globals\/typography?id=12f91e5",
                                                    "content_content_color": "globals\/colors?id=text",
                                                    "name_text_color": "globals\/colors?id=8c71d72",
                                                    "job_text_color": "globals\/colors?id=text"
                                                }
                                            },
                                            "elements": [],
                                            "isInner": false,
                                            "widgetType": "testimonial",
                                            "elType": "widget"
                                        },
                                        {
                                            "id": "628894c6",
                                            "settings": [],
                                            "elements": [],
                                            "isInner": false,
                                            "widgetType": "spacer",
                                            "elType": "widget"
                                        }
                                    ],
                                    "isInner": true,
                                    "elType": "column"
                                }
                            ],
                            "isInner": true,
                            "elType": "section"
                        },
                        {
                            "id": "3528e247",
                            "settings": {
                                "structure": "30"
                            },
                            "elements": [
                                {
                                    "id": "28e99e4a",
                                    "settings": {
                                        "_column_size": 33,
                                        "_inline_size": null,
                                        "_inline_size_tablet": 100,
                                        "padding": {
                                            "unit": "em",
                                            "top": "1",
                                            "right": "1",
                                            "bottom": "1",
                                            "left": "1",
                                            "isLinked": true
                                        }
                                    },
                                    "elements": [
                                        {
                                            "id": "4dfba190",
                                            "settings": {
                                                "selected_icon": {
                                                    "value": "icon icon-quote",
                                                    "library": "ekiticons"
                                                },
                                                "align": "left",
                                                "_margin": {
                                                    "unit": "px",
                                                    "top": "-30",
                                                    "right": "-30",
                                                    "bottom": "-30",
                                                    "left": "-30",
                                                    "isLinked": true
                                                },
                                                "__globals__": {
                                                    "primary_color": "globals\/colors?id=8c71d72"
                                                }
                                            },
                                            "elements": [],
                                            "isInner": false,
                                            "widgetType": "icon",
                                            "elType": "widget"
                                        },
                                        {
                                            "id": "9a007ea",
                                            "settings": {
                                                "testimonial_content": "Lorem ipsum dolor sit amet, consectetur adipiscing elit. Ut elit tellus, luctus nec ullamcorper mattis, pulvinar dapibus leo.",
                                                "testimonial_image": {
                                                    "id": 38,
                                                    "url": "http:\/\/templatekit.krakenbox.net\/blankink\/wp-content\/uploads\/sites\/4\/2020\/10\/s2.jpg"
                                                },
                                                "testimonial_name": "Jess Doe",
                                                "testimonial_job": "Business",
                                                "testimonial_alignment": "left",
                                                "content_typography_font_family": "Barlow",
                                                "content_typography_font_weight": "400",
                                                "content_typography_font_style": "italic",
                                                "content_typography_font_size": {
                                                    "unit": "rem",
                                                    "size": 1.5,
                                                    "sizes": []
                                                },
                                                "content_typography_font_size_tablet": {
                                                    "unit": "rem",
                                                    "size": "",
                                                    "sizes": []
                                                },
                                                "content_typography_font_size_mobile": {
                                                    "unit": "rem",
                                                    "size": "",
                                                    "sizes": []
                                                },
                                                "__globals__": {
                                                    "name_typography_typography": "globals\/typography?id=d80bb58",
                                                    "job_typography_typography": "globals\/typography?id=12f91e5",
                                                    "content_content_color": "globals\/colors?id=text",
                                                    "name_text_color": "globals\/colors?id=8c71d72",
                                                    "job_text_color": "globals\/colors?id=text"
                                                }
                                            },
                                            "elements": [],
                                            "isInner": false,
                                            "widgetType": "testimonial",
                                            "elType": "widget"
                                        },
                                        {
                                            "id": "5534c967",
                                            "settings": [],
                                            "elements": [],
                                            "isInner": false,
                                            "widgetType": "spacer",
                                            "elType": "widget"
                                        }
                                    ],
                                    "isInner": true,
                                    "elType": "column"
                                },
                                {
                                    "id": "6fe02584",
                                    "settings": {
                                        "_column_size": 33,
                                        "_inline_size": null,
                                        "_inline_size_tablet": 100,
                                        "padding": {
                                            "unit": "em",
                                            "top": "1",
                                            "right": "1",
                                            "bottom": "1",
                                            "left": "1",
                                            "isLinked": true
                                        }
                                    },
                                    "elements": [
                                        {
                                            "id": "70318203",
                                            "settings": {
                                                "selected_icon": {
                                                    "value": "icon icon-quote",
                                                    "library": "ekiticons"
                                                },
                                                "align": "left",
                                                "_margin": {
                                                    "unit": "px",
                                                    "top": "-30",
                                                    "right": "-30",
                                                    "bottom": "-30",
                                                    "left": "-30",
                                                    "isLinked": true
                                                },
                                                "__globals__": {
                                                    "primary_color": "globals\/colors?id=8c71d72"
                                                }
                                            },
                                            "elements": [],
                                            "isInner": false,
                                            "widgetType": "icon",
                                            "elType": "widget"
                                        },
                                        {
                                            "id": "322d5f4c",
                                            "settings": {
                                                "testimonial_content": "Lorem ipsum dolor sit amet, consectetur adipiscing elit. Ut elit tellus, luctus nec ullamcorper mattis, pulvinar dapibus leo.",
                                                "testimonial_image": {
                                                    "id": 49,
                                                    "url": "http:\/\/templatekit.krakenbox.net\/blankink\/wp-content\/uploads\/sites\/4\/2020\/10\/s12.jpg"
                                                },
                                                "testimonial_name": "Velly Doe",
                                                "testimonial_job": "Artist",
                                                "testimonial_alignment": "left",
                                                "content_typography_font_family": "Barlow",
                                                "content_typography_font_weight": "400",
                                                "content_typography_font_style": "italic",
                                                "content_typography_font_size": {
                                                    "unit": "rem",
                                                    "size": 1.5,
                                                    "sizes": []
                                                },
                                                "content_typography_font_size_tablet": {
                                                    "unit": "rem",
                                                    "size": "",
                                                    "sizes": []
                                                },
                                                "content_typography_font_size_mobile": {
                                                    "unit": "rem",
                                                    "size": "",
                                                    "sizes": []
                                                },
                                                "__globals__": {
                                                    "name_typography_typography": "globals\/typography?id=d80bb58",
                                                    "job_typography_typography": "globals\/typography?id=12f91e5",
                                                    "content_content_color": "globals\/colors?id=text",
                                                    "name_text_color": "globals\/colors?id=8c71d72",
                                                    "job_text_color": "globals\/colors?id=text"
                                                }
                                            },
                                            "elements": [],
                                            "isInner": false,
                                            "widgetType": "testimonial",
                                            "elType": "widget"
                                        },
                                        {
                                            "id": "1e951df0",
                                            "settings": [],
                                            "elements": [],
                                            "isInner": false,
                                            "widgetType": "spacer",
                                            "elType": "widget"
                                        }
                                    ],
                                    "isInner": true,
                                    "elType": "column"
                                },
                                {
                                    "id": "3a1c15da",
                                    "settings": {
                                        "_column_size": 33,
                                        "_inline_size": null,
                                        "_inline_size_tablet": 100,
                                        "padding": {
                                            "unit": "em",
                                            "top": "1",
                                            "right": "1",
                                            "bottom": "1",
                                            "left": "1",
                                            "isLinked": true
                                        }
                                    },
                                    "elements": [
                                        {
                                            "id": "56272b77",
                                            "settings": {
                                                "selected_icon": {
                                                    "value": "icon icon-quote",
                                                    "library": "ekiticons"
                                                },
                                                "align": "left",
                                                "_margin": {
                                                    "unit": "px",
                                                    "top": "-30",
                                                    "right": "-30",
                                                    "bottom": "-30",
                                                    "left": "-30",
                                                    "isLinked": true
                                                },
                                                "__globals__": {
                                                    "primary_color": "globals\/colors?id=8c71d72"
                                                }
                                            },
                                            "elements": [],
                                            "isInner": false,
                                            "widgetType": "icon",
                                            "elType": "widget"
                                        },
                                        {
                                            "id": "6d845aab",
                                            "settings": {
                                                "testimonial_content": "Lorem ipsum dolor sit amet, consectetur adipiscing elit. Ut elit tellus, luctus nec ullamcorper mattis, pulvinar dapibus leo.",
                                                "testimonial_image": {
                                                    "id": 51,
                                                    "url": "http:\/\/templatekit.krakenbox.net\/blankink\/wp-content\/uploads\/sites\/4\/2020\/10\/s14.jpg"
                                                },
                                                "testimonial_name": "John Doe",
                                                "testimonial_job": "Designer",
                                                "testimonial_alignment": "left",
                                                "content_typography_font_family": "Barlow",
                                                "content_typography_font_weight": "400",
                                                "content_typography_font_style": "italic",
                                                "content_typography_font_size": {
                                                    "unit": "rem",
                                                    "size": 1.5,
                                                    "sizes": []
                                                },
                                                "content_typography_font_size_tablet": {
                                                    "unit": "rem",
                                                    "size": "",
                                                    "sizes": []
                                                },
                                                "content_typography_font_size_mobile": {
                                                    "unit": "rem",
                                                    "size": "",
                                                    "sizes": []
                                                },
                                                "__globals__": {
                                                    "name_typography_typography": "globals\/typography?id=d80bb58",
                                                    "job_typography_typography": "globals\/typography?id=12f91e5",
                                                    "content_content_color": "globals\/colors?id=text",
                                                    "name_text_color": "globals\/colors?id=8c71d72",
                                                    "job_text_color": "globals\/colors?id=text"
                                                }
                                            },
                                            "elements": [],
                                            "isInner": false,
                                            "widgetType": "testimonial",
                                            "elType": "widget"
                                        },
                                        {
                                            "id": "7fb65691",
                                            "settings": [],
                                            "elements": [],
                                            "isInner": false,
                                            "widgetType": "spacer",
                                            "elType": "widget"
                                        }
                                    ],
                                    "isInner": true,
                                    "elType": "column"
                                }
                            ],
                            "isInner": true,
                            "elType": "section"
                        }
                    ],
                    "isInner": false,
                    "elType": "column"
                }
            ],
            "isInner": false,
            "elType": "section"
        }
    ]
}